sale_id,branch,city,customer_type,gender,product_name,product_category,unit_price,quantity,tax,total_price,reward_points
1,A,New York,Member,Male,Shampoo,Personal Care,5.5,3.0,1.16,17.66,1.0
2,B,Los Angeles,Normal,Female,Notebook,Stationery,2.75,10.0,1.93,29.43,0.0
3,A,New York,Member,Female,Apple,Fruits,1.2,15.0,1.26,19.26,1.0
4,A,Chicago,Normal,Male,Detergent,Household,7.8,5.0,2.73,41.73,0.0
5,B,Los Angeles,Member,Female,Orange Juice,Beverages,3.5,7.0,1.72,26.22,2.0
6,A,Chicago,Normal,Male,Shampoo,Stationery,11.24,9.0,7.08,108.24,0.0
7,A,Chicago,Normal,Male,Shampoo,Personal Care,10.71,1.0,0.75,,0.0
8,B,Los Angeles,Normal,Female,Shampoo,Household,,9.0,11.48,175.55,0.0
9,A,Chicago,Member,Female,Apple,Fruits,14.15,,19.81,302.81,30.0
10,B,Los Angeles,Member,Male,Shampoo,Fruits,,19.0,24.5,374.48,
11,A,Chicago,Normal,Male,Detergent,Beverages,9.32,,4.57,,
12,B,Los Angeles,Member,Male,Orange Juice,Household,6.89,,5.79,88.47,8.0
13,A,New York,Normal,Female,Orange Juice,Household,3.29,4.0,0.92,14.08,0.0
14,B,Los Angeles,Member,Female,Apple,Fruits,8.81,5.0,,47.13,4.0
15,B,Los Angeles,Normal,Female,Apple,Beverages,19.48,3.0,4.09,62.53,0.0
16,B,Los Angeles,Normal,Male,Notebook,Stationery,5.55,8.0,3.11,47.51,0.0
17,B,Los Angeles,Member,Female,Apple,Personal Care,2.13,2.0,0.3,4.56,0.0
18,B,Los Angeles,Normal,Male,Notebook,Fruits,13.26,15.0,13.92,212.82,0.0
19,A,New York,Member,Male,Apple,Beverages,,,2.74,41.92,4.0
20,A,Chicago,Normal,Male,Detergent,Personal Care,6.98,8.0,,59.75,0.0
21,B,Los Angeles,Normal,Female,Shampoo,Personal Care,4.36,11.0,3.36,51.32,0.0
22,B,Los Angeles,Normal,Male,Orange Juice,Beverages,6.8,1.0,0.48,7.28,0.0
23,A,New York,Member,Female,Shampoo,Beverages,1.95,16.0,2.18,33.38,3.0
24,A,Chicago,Normal,Male,Apple,Fruits,19.05,,2.67,40.77,0.0
25,B,Los Angeles,Member,Male,Detergent,Beverages,,18.0,14.28,218.22,21.0
26,B,Los Angeles,Normal,Male,Notebook,Fruits,13.94,16.0,15.61,238.65,0.0
27,A,New York,Member,Male,Detergent,Household,9.55,2.0,1.34,20.44,2.0
28,A,New York,Member,Female,Detergent,Personal Care,16.46,17.0,19.59,299.41,29.0
29,B,Los Angeles,Member,Female,Shampoo,Stationery,12.3,17.0,14.64,223.74,22.0
30,A,Chicago,Member,Male,Orange Juice,Personal Care,12.37,15.0,12.99,,19.0
31,A,Chicago,Member,Male,Shampoo,Fruits,3.7,3.0,,11.88,1.0
32,A,New York,Member,Female,Orange Juice,Stationery,5.39,3.0,1.13,17.3,1.0
33,B,Los Angeles,Normal,Male,Notebook,Stationery,6.94,17.0,8.26,,
34,B,Los Angeles,Normal,Male,Orange Juice,Household,8.13,9.0,5.12,78.29,0.0
35,A,New York,Member,Male,Apple,Personal Care,13.42,2.0,,28.72,2.0
36,A,New York,Member,Male,Detergent,Personal Care,13.14,15.0,13.8,210.9,21.0
37,B,Los Angeles,Member,Male,Shampoo,Fruits,11.14,16.0,12.48,190.72,19.0
38,B,Los Angeles,Member,Female,Notebook,Beverages,5.42,14.0,5.31,,8.0
39,A,New York,Member,Female,Notebook,Beverages,,15.0,,246.21,24.0
40,A,New York,Normal,Female,Apple,Fruits,1.17,11.0,0.9,13.77,0.0
41,A,New York,Member,Female,Notebook,Household,10.8,10.0,7.56,115.56,11.0
42,A,New York,Normal,Male,Apple,Household,10.98,12.0,9.22,140.98,0.0
43,A,New York,Normal,Female,Notebook,Fruits,4.17,2.0,0.58,,0.0
44,A,Chicago,Member,Male,Detergent,Fruits,20.13,2.0,2.82,43.08,4.0
45,B,Los Angeles,Member,Female,Shampoo,Household,15.73,8.0,8.81,134.65,13.0
46,A,New York,Member,Male,Shampoo,Fruits,15.95,8.0,8.93,136.53,13.0
47,A,New York,Normal,Male,Shampoo,Stationery,1.28,,0.72,10.96,0.0
48,B,Los Angeles,Normal,Female,Detergent,Personal Care,9.98,20.0,,213.57,0.0
49,B,Los Angeles,Normal,Female,Detergent,Fruits,6.31,2.0,0.88,13.5,0.0
50,A,Chicago,Normal,Female,Apple,Stationery,16.5,,,335.45,0.0
51,A,Chicago,Normal,Male,Detergent,Stationery,17.02,19.0,22.64,346.02,0.0
52,A,Chicago,Member,Male,Orange Juice,Fruits,11.16,5.0,3.91,59.71,5.0
53,B,Los Angeles,Normal,Female,Orange Juice,Fruits,19.06,1.0,1.33,20.39,0.0
54,A,New York,Normal,Female,Orange Juice,Fruits,4.68,14.0,4.59,70.11,0.0
55,B,Los Angeles,Member,Male,Notebook,Household,15.57,13.0,14.17,216.58,21.0
56,A,Chicago,Member,Male,Shampoo,Personal Care,19.86,10.0,13.9,212.5,
57,A,Chicago,Member,Female,Orange Juice,Beverages,20.41,19.0,27.15,,41.0
58,A,Chicago,Normal,Male,Notebook,Fruits,,20.0,27.94,427.14,
59,A,Chicago,Member,Male,Detergent,Stationery,,20.0,21.67,,33.0
60,A,Chicago,Member,Male,Notebook,Stationery,13.99,4.0,3.92,59.88,5.0
61,A,New York,Member,Male,Detergent,Household,9.39,,1.31,20.09,2.0
62,A,Chicago,Member,Male,Orange Juice,Beverages,,14.0,18.81,287.47,28.0
63,A,New York,Member,Male,Notebook,Stationery,12.73,19.0,16.93,258.8,25.0
64,A,Chicago,Member,Female,Detergent,Household,11.33,10.0,7.93,121.23,12.0
65,A,New York,Normal,Male,Orange Juice,Household,8.78,,7.38,112.74,0.0
66,A,New York,Member,Male,Notebook,Personal Care,10.25,2.0,1.44,21.94,2.0
67,B,Los Angeles,Member,Male,Notebook,Stationery,,8.0,5.86,89.62,8.0
68,A,New York,Normal,Female,Detergent,Fruits,6.75,1.0,0.47,7.22,0.0
69,A,Chicago,Member,Male,Apple,Personal Care,1.17,16.0,1.31,,2.0
70,B,Los Angeles,Normal,Female,Shampoo,Stationery,2.77,14.0,2.71,41.49,0.0
71,A,Chicago,Normal,Male,Orange Juice,Stationery,12.83,2.0,1.8,27.46,0.0
72,A,New York,Normal,Female,Apple,Fruits,14.21,11.0,10.94,167.25,0.0
73,A,Chicago,Normal,Male,Detergent,Fruits,7.27,20.0,,,0.0
74,A,New York,Normal,Female,Shampoo,Stationery,20.27,2.0,,43.38,0.0
75,A,New York,Normal,Male,Orange Juice,Fruits,8.62,11.0,6.64,101.46,0.0
76,A,New York,Normal,Male,Shampoo,Personal Care,19.14,8.0,10.72,163.84,0.0
77,B,Los Angeles,Normal,Female,Orange Juice,Stationery,10.16,10.0,7.11,108.71,0.0
78,A,Chicago,Normal,Male,Apple,Beverages,6.73,20.0,9.42,,0.0
79,B,Los Angeles,Normal,Female,Notebook,Beverages,14.18,11.0,10.92,166.9,0.0
80,A,New York,Member,Male,Notebook,Stationery,16.6,16.0,18.59,284.19,28.0
81,A,Chicago,Normal,Female,Orange Juice,Household,13.36,,18.7,285.9,0.0
82,A,Chicago,Member,Male,Orange Juice,Fruits,14.04,,,225.34,22.0
83,B,Los Angeles,Normal,Male,Orange Juice,Household,13.89,8.0,7.78,118.9,0.0
84,A,New York,Member,Female,Notebook,Beverages,17.56,10.0,12.29,,18.0
85,A,Chicago,Normal,Female,Detergent,Household,3.79,13.0,3.45,52.72,0.0
86,B,Los Angeles,Normal,Male,Orange Juice,Beverages,5.0,10.0,3.5,53.5,
87,A,Chicago,Member,Female,Shampoo,Fruits,2.74,2.0,0.38,5.86,0.0
88,A,New York,Normal,Female,Orange Juice,Stationery,,8.0,7.77,118.73,0.0
89,A,Chicago,Normal,Male,Detergent,Beverages,19.61,2.0,2.75,41.97,0.0
90,B,Los Angeles,Normal,Male,Notebook,Household,10.71,10.0,7.5,114.6,
91,A,Chicago,Member,Female,Orange Juice,Household,18.57,3.0,3.9,59.61,5.0
92,B,Los Angeles,Member,Male,Notebook,Personal Care,19.1,2.0,2.67,40.87,4.0
93,A,New York,Member,Female,Apple,Stationery,10.03,12.0,8.43,128.79,12.0
94,B,Los Angeles,Member,Female,Orange Juice,Fruits,5.65,9.0,3.56,54.41,5.0
95,B,Los Angeles,Normal,Female,Shampoo,Stationery,18.04,9.0,11.37,173.73,0.0
96,A,New York,Member,Male,Apple,Beverages,6.9,1.0,0.48,7.38,0.0
97,B,Los Angeles,Member,Male,Orange Juice,Beverages,18.78,17.0,22.35,341.61,
98,B,Los Angeles,Normal,Male,Notebook,Personal Care,15.55,3.0,3.27,49.92,
99,A,New York,Normal,Male,Detergent,Fruits,,17.0,18.15,,0.0
100,A,Chicago,Member,Male,Notebook,Beverages,10.62,18.0,13.38,204.54,
101,B,Los Angeles,Member,Male,Orange Juice,Household,,20.0,,,9.0
102,A,New York,Normal,Female,Notebook,Beverages,16.69,4.0,4.67,71.43,0.0
103,A,New York,Normal,Male,Orange Juice,Personal Care,8.89,9.0,5.6,85.61,0.0
104,A,New York,Normal,Male,Shampoo,Beverages,18.24,18.0,22.98,351.3,0.0
105,B,Los Angeles,Member,Female,Orange Juice,Beverages,6.23,18.0,7.85,119.99,11.0
106,A,Chicago,Normal,Male,Apple,Household,1.02,2.0,0.14,2.18,0.0
107,A,New York,Member,Female,Detergent,Personal Care,4.5,6.0,1.89,28.89,2.0
108,B,Los Angeles,Normal,Male,Detergent,Stationery,,15.0,7.68,117.33,
109,B,Los Angeles,Normal,Male,Orange Juice,Fruits,16.9,9.0,10.65,162.75,0.0
110,A,New York,Member,Female,Detergent,Beverages,5.91,13.0,5.38,,8.0
111,A,Chicago,Member,Female,Apple,Household,14.97,9.0,9.43,144.16,14.0
112,A,New York,Member,Male,Apple,Beverages,10.04,9.0,6.33,96.69,9.0
113,A,Chicago,Member,Male,Apple,Beverages,20.89,3.0,4.39,67.06,
114,A,Chicago,Member,Female,Detergent,Fruits,,15.0,9.85,150.55,
115,A,New York,Normal,Male,Orange Juice,Personal Care,4.77,11.0,3.67,56.14,0.0
116,A,New York,Normal,Female,Apple,Personal Care,7.01,19.0,9.32,142.51,0.0
117,A,Chicago,Member,Male,Shampoo,Stationery,12.65,18.0,,243.64,24.0
118,B,Los Angeles,Member,Female,Detergent,Fruits,,16.0,6.07,92.79,9.0
119,A,Chicago,Normal,Female,Apple,Stationery,17.61,,8.63,131.9,0.0
120,A,New York,Normal,Male,Orange Juice,Beverages,4.64,9.0,2.92,44.68,0.0
121,B,Los Angeles,Member,Female,Notebook,Personal Care,1.68,4.0,0.47,7.19,0.0
122,A,New York,Normal,Female,Detergent,Household,3.2,12.0,2.69,41.09,0.0
123,A,Chicago,Normal,Male,Shampoo,Personal Care,,11.0,2.56,39.19,0.0
124,A,New York,Member,Female,Detergent,Household,14.91,4.0,4.17,63.81,6.0
125,A,New York,Member,Male,Shampoo,Household,6.84,6.0,2.87,43.91,4.0
126,A,New York,Member,Female,Detergent,Fruits,20.37,10.0,14.26,217.96,21.0
127,A,New York,Normal,Male,Apple,Beverages,1.09,10.0,,11.66,0.0
128,A,Chicago,Member,Female,Notebook,Fruits,,5.0,0.97,14.87,1.0
129,A,Chicago,Member,Female,Shampoo,Beverages,15.52,4.0,4.35,,6.0
130,B,Los Angeles,Member,Female,Shampoo,Household,13.18,16.0,14.76,225.64,
131,A,New York,Normal,Male,Shampoo,Personal Care,6.17,19.0,8.21,125.44,0.0
132,A,Chicago,Normal,Male,Orange Juice,Household,12.01,,14.29,218.46,0.0
133,A,Chicago,Normal,Male,Apple,Fruits,17.25,14.0,,258.41,0.0
134,A,New York,Member,Female,Apple,Beverages,17.25,11.0,13.28,203.03,20.0
135,A,New York,Member,Female,Notebook,Beverages,20.58,19.0,27.37,418.39,41.0
136,B,Los Angeles,Normal,Female,Apple,Beverages,4.91,1.0,,5.25,
137,B,Los Angeles,Member,Female,Apple,Household,18.05,,2.53,38.63,3.0
138,B,Los Angeles,Member,Male,Notebook,Household,4.66,18.0,5.87,89.75,8.0
139,A,Chicago,Member,Male,Shampoo,Fruits,4.89,14.0,4.79,73.25,7.0
140,B,Los Angeles,Member,Female,Orange Juice,Personal Care,,13.0,8.84,135.07,13.0
141,A,Chicago,Normal,Female,Notebook,Fruits,3.44,6.0,1.44,22.08,0.0
142,A,New York,Member,Female,Notebook,Household,14.58,7.0,7.14,109.2,10.0
143,A,New York,Member,Male,Shampoo,Personal Care,16.69,7.0,8.18,125.01,
144,A,Chicago,Member,Male,Shampoo,Beverages,9.72,16.0,10.89,166.41,16.0
145,B,Los Angeles,Normal,Male,Shampoo,Fruits,15.96,2.0,2.23,34.15,0.0
146,A,New York,Member,Male,Apple,Stationery,11.42,20.0,15.99,,24.0
147,A,New York,Normal,Male,Notebook,Beverages,5.01,12.0,4.21,64.33,0.0
148,A,Chicago,Member,Male,Notebook,Household,2.27,9.0,1.43,21.86,2.0
149,A,New York,Member,Female,Shampoo,Personal Care,13.07,19.0,17.38,,26.0
150,A,New York,Normal,Female,Notebook,Beverages,5.83,14.0,5.71,87.33,0.0
151,A,Chicago,Normal,Male,Shampoo,Household,20.06,14.0,19.66,300.5,0.0
152,A,Chicago,Normal,Male,Orange Juice,Household,19.89,10.0,13.92,212.82,
153,A,Chicago,Normal,Male,Notebook,Personal Care,5.56,19.0,7.39,113.03,0.0
154,B,Los Angeles,Normal,Male,Detergent,Stationery,17.21,1.0,1.2,18.41,0.0
155,A,Chicago,Member,Male,Apple,Stationery,11.38,11.0,8.76,133.94,13.0
156,A,Chicago,Member,Male,Orange Juice,Stationery,5.33,20.0,7.46,114.06,
157,A,New York,Normal,Female,Shampoo,Beverages,18.79,20.0,26.31,402.11,0.0
158,A,New York,Normal,Male,Shampoo,Fruits,,1.0,1.33,20.37,0.0
159,A,New York,Normal,Female,Notebook,Household,19.82,11.0,15.26,233.28,0.0
160,A,Chicago,Member,Female,Orange Juice,Household,9.31,2.0,,19.92,1.0
161,A,Chicago,Member,Male,Orange Juice,Stationery,20.91,19.0,27.81,425.1,42.0
162,A,New York,Member,Female,Shampoo,Fruits,,4.0,4.22,64.46,
163,B,Los Angeles,Normal,Male,Orange Juice,Fruits,17.61,11.0,13.56,207.27,0.0
164,B,Los Angeles,Normal,Male,Notebook,Personal Care,20.76,8.0,11.63,177.71,0.0
165,A,Chicago,Member,Female,Detergent,Stationery,,18.0,15.02,,22.0
166,B,Los Angeles,Normal,Male,Detergent,Personal Care,14.17,18.0,17.85,272.91,0.0
167,B,Los Angeles,Normal,Male,Apple,Stationery,6.56,10.0,4.59,70.19,0.0
168,A,Chicago,Member,Male,Detergent,Beverages,9.63,12.0,8.09,123.65,
169,A,New York,Member,Male,Orange Juice,Household,17.99,4.0,,,7.0
170,B,Los Angeles,Normal,Female,Detergent,Fruits,5.36,12.0,4.5,68.82,
171,A,New York,Member,Female,Orange Juice,Fruits,11.53,5.0,4.04,61.69,6.0
172,B,Los Angeles,Normal,Female,Shampoo,Fruits,14.82,,15.56,,0.0
173,A,New York,Member,Female,Apple,Fruits,14.83,20.0,20.76,317.36,31.0
174,B,Los Angeles,Member,Male,Shampoo,Stationery,5.09,3.0,1.07,16.34,1.0
175,A,New York,Normal,Male,Detergent,Household,,15.0,18.19,277.99,0.0
176,B,Los Angeles,Member,Female,Shampoo,Fruits,14.31,1.0,1.0,15.31,1.0
177,B,Los Angeles,Member,Male,Orange Juice,Fruits,1.21,10.0,0.85,12.95,1.0
178,A,Chicago,Member,Male,Notebook,Personal Care,11.85,10.0,8.3,126.8,12.0
179,A,New York,Member,Male,Notebook,Fruits,4.6,3.0,0.97,14.77,1.0
180,B,Los Angeles,Member,Female,Orange Juice,Household,6.78,4.0,1.9,29.02,2.0
181,B,Los Angeles,Member,Female,Notebook,Fruits,15.13,17.0,18.0,275.21,27.0
182,A,New York,Normal,Female,Detergent,Stationery,3.14,8.0,1.76,26.88,0.0
183,A,Chicago,Normal,Female,Notebook,Stationery,4.37,,4.59,70.14,0.0
184,A,New York,Member,Female,Shampoo,Fruits,18.7,14.0,18.33,280.13,28.0
185,A,Chicago,Member,Female,Notebook,Beverages,19.12,16.0,21.41,327.33,32.0
186,B,Los Angeles,Member,Female,Notebook,Beverages,11.99,3.0,2.52,38.49,3.0
187,A,New York,Member,Male,Notebook,Fruits,9.72,15.0,10.21,156.01,15.0
188,A,Chicago,Normal,Male,Notebook,Household,5.72,5.0,,30.6,0.0
189,A,Chicago,Member,Male,Shampoo,Household,14.87,3.0,3.12,47.73,4.0
190,B,Los Angeles,Member,Female,Shampoo,Fruits,9.66,11.0,7.44,113.7,11.0
191,A,New York,Member,Male,Orange Juice,Stationery,3.57,13.0,,,4.0
192,A,New York,Member,Female,Detergent,Stationery,5.5,10.0,3.85,58.85,5.0
193,B,Los Angeles,Normal,Male,Apple,Household,2.45,3.0,0.51,7.86,0.0
194,A,Chicago,Member,Female,Shampoo,Beverages,9.57,4.0,2.68,40.96,4.0
195,B,Los Angeles,Member,Male,Notebook,Household,2.61,4.0,,11.17,1.0
196,A,New York,Normal,Female,Apple,Fruits,8.98,6.0,3.77,57.65,0.0
197,A,New York,Member,Female,Notebook,Stationery,19.49,15.0,20.46,312.81,
198,A,Chicago,Member,Male,Orange Juice,Personal Care,6.8,18.0,8.57,130.97,13.0
199,B,Los Angeles,Member,Male,Notebook,Fruits,9.84,16.0,11.02,168.46,16.0
200,A,Chicago,Normal,Female,Apple,Fruits,11.39,6.0,4.78,73.12,0.0
201,A,New York,Normal,Female,Detergent,Personal Care,8.3,13.0,7.55,115.45,0.0
202,A,New York,Member,Female,Detergent,Household,10.9,8.0,,,9.0
203,B,Los Angeles,Member,Female,Shampoo,Fruits,3.0,20.0,,64.2,6.0
204,A,Chicago,Member,Female,Detergent,Household,16.5,,11.55,176.55,17.0
205,A,New York,Normal,Female,Orange Juice,Personal Care,20.06,5.0,7.02,107.32,0.0
206,A,New York,Normal,Female,Shampoo,Household,10.73,7.0,5.26,,0.0
207,B,Los Angeles,Normal,Female,Detergent,Stationery,8.46,18.0,10.66,162.94,0.0
208,A,New York,Member,Female,Shampoo,Fruits,6.76,20.0,9.46,144.66,14.0
209,B,Los Angeles,Normal,Male,Orange Juice,Personal Care,8.71,7.0,4.27,,
210,B,Los Angeles,Member,Female,Notebook,Beverages,6.91,18.0,8.71,133.09,
211,A,Chicago,Member,Female,Notebook,Stationery,16.18,15.0,16.99,259.69,25.0
212,A,Chicago,Member,Female,Detergent,Stationery,12.5,17.0,14.88,227.38,22.0
213,A,New York,Normal,Male,Orange Juice,Fruits,17.55,,19.66,300.46,0.0
214,A,New York,Normal,Male,Notebook,Household,17.59,1.0,1.23,18.82,0.0
215,B,Los Angeles,Member,Female,Notebook,Beverages,6.7,19.0,8.91,136.21,13.0
216,A,New York,Member,Female,Shampoo,Fruits,18.35,2.0,2.57,39.27,3.0
217,A,New York,Normal,Female,Orange Juice,Stationery,7.09,16.0,,121.38,
218,A,Chicago,Member,Male,Detergent,Household,,9.0,12.57,192.21,19.0
219,B,Los Angeles,Normal,Male,Shampoo,Stationery,3.01,16.0,3.37,51.53,0.0
220,A,New York,Member,Male,Detergent,Fruits,4.8,13.0,4.37,66.77,6.0
221,B,Los Angeles,Normal,Female,Orange Juice,Personal Care,5.86,17.0,6.97,106.59,0.0
222,B,Los Angeles,Member,Female,Orange Juice,Personal Care,17.55,19.0,23.34,356.79,35.0
223,A,New York,Member,Male,Shampoo,Stationery,,,5.06,,7.0
224,A,Chicago,Member,Female,Orange Juice,Personal Care,,14.0,7.75,118.49,11.0
225,A,Chicago,Member,Male,Apple,Stationery,5.11,,6.8,103.89,10.0
226,A,Chicago,Member,Male,Shampoo,Fruits,17.62,16.0,19.73,301.65,30.0
227,A,New York,Member,Male,Shampoo,Beverages,12.79,3.0,2.69,41.06,4.0
228,A,New York,Normal,Male,Apple,Personal Care,9.59,1.0,0.67,10.26,0.0
229,A,New York,Normal,Female,Notebook,Fruits,2.58,14.0,2.53,38.65,0.0
230,A,New York,Normal,Male,Shampoo,Household,15.08,12.0,12.67,193.63,0.0
231,A,New York,Member,Male,Shampoo,Household,10.4,1.0,0.73,11.13,1.0
232,A,Chicago,Normal,Male,Shampoo,Household,1.07,,0.3,4.58,0.0
233,A,New York,Normal,Male,Shampoo,Personal Care,2.83,6.0,1.19,18.17,0.0
234,A,Chicago,Member,Male,Notebook,Fruits,,5.0,,24.77,2.0
235,A,New York,Normal,Female,Apple,Household,12.78,2.0,1.79,27.35,
236,A,Chicago,Member,Male,Apple,Household,11.56,16.0,12.95,197.91,19.0
237,B,Los Angeles,Normal,Female,Detergent,Household,18.1,8.0,10.14,154.94,
238,A,New York,Member,Male,Shampoo,Beverages,7.6,1.0,0.53,,0.0
239,A,Chicago,Member,Male,Shampoo,Beverages,19.85,,20.84,318.59,31.0
240,B,Los Angeles,Normal,Male,Shampoo,Fruits,10.77,16.0,12.06,184.38,0.0
241,B,Los Angeles,Normal,Male,Shampoo,Household,3.61,10.0,2.53,38.63,0.0
242,A,New York,Normal,Female,Shampoo,Stationery,6.77,,6.16,94.17,0.0
243,A,Chicago,Normal,Female,Shampoo,Personal Care,10.22,6.0,4.29,65.61,0.0
244,B,Los Angeles,Normal,Female,Apple,Personal Care,12.47,15.0,13.09,200.14,0.0
245,A,Chicago,Normal,Male,Shampoo,Household,15.54,16.0,17.4,,0.0
246,A,New York,Member,Female,Notebook,Beverages,18.3,9.0,11.53,176.23,17.0
247,A,Chicago,Normal,Male,Detergent,Beverages,8.81,,1.85,28.28,0.0
248,A,New York,Member,Male,Apple,Fruits,13.53,17.0,,246.11,24.0
249,A,New York,Normal,Female,Detergent,Personal Care,9.61,19.0,12.78,195.37,0.0
250,B,Los Angeles,Member,Female,Apple,Beverages,10.17,18.0,12.81,195.87,19.0
251,A,Chicago,Member,Female,Notebook,Personal Care,15.34,,8.59,131.31,13.0
252,B,Los Angeles,Member,Female,Apple,Household,19.5,13.0,17.75,271.25,
253,A,New York,Member,Male,Orange Juice,Fruits,20.81,5.0,7.28,111.33,11.0
254,A,Chicago,Normal,Female,Orange Juice,Fruits,20.25,4.0,5.67,86.67,0.0
255,B,Los Angeles,Normal,Male,Apple,Beverages,4.37,4.0,1.22,18.7,0.0
256,B,Los Angeles,Normal,Male,Apple,Beverages,17.95,12.0,15.08,230.48,0.0
257,A,New York,Member,Male,Apple,Household,3.32,7.0,1.63,24.87,2.0
258,A,Chicago,Member,Female,Apple,Fruits,18.14,19.0,24.13,368.79,36.0
259,A,Chicago,Member,Male,Shampoo,Stationery,6.62,8.0,,56.67,5.0
260,B,Los Angeles,Member,Female,Shampoo,Beverages,14.94,10.0,10.46,,15.0
261,B,Los Angeles,Member,Male,Notebook,Beverages,20.02,19.0,26.63,407.01,40.0
262,A,New York,Normal,Male,Shampoo,Beverages,17.65,5.0,6.18,94.43,0.0
263,A,New York,Normal,Female,Detergent,Household,11.67,11.0,8.99,137.36,0.0
264,B,Los Angeles,Member,Male,Shampoo,Household,,1.0,1.2,18.3,1.0
265,B,Los Angeles,Member,Female,Detergent,Household,2.39,10.0,,25.57,2.0
266,B,Los Angeles,Member,Female,Shampoo,Stationery,,13.0,,29.77,2.0
267,B,Los Angeles,Member,Male,Notebook,Personal Care,6.41,7.0,3.14,48.01,4.0
268,B,Los Angeles,Normal,Male,Orange Juice,Personal Care,5.94,13.0,5.41,82.63,
269,B,Los Angeles,Member,Male,Orange Juice,Household,17.33,17.0,20.62,315.23,31.0
270,A,Chicago,Normal,Female,Notebook,Stationery,16.05,18.0,20.22,309.12,0.0
271,A,Chicago,Normal,Male,Orange Juice,Personal Care,17.89,1.0,1.25,19.14,0.0
272,A,New York,Member,Female,Detergent,Beverages,,12.0,12.4,189.52,18.0
273,A,New York,Normal,Male,Notebook,Personal Care,5.0,9.0,3.15,48.15,0.0
274,A,New York,Member,Male,Orange Juice,Stationery,6.42,5.0,,34.35,3.0
275,B,Los Angeles,Member,Male,Notebook,Beverages,6.37,17.0,7.58,115.87,11.0
276,B,Los Angeles,Normal,Male,Detergent,Stationery,6.74,16.0,7.55,115.39,0.0
277,A,New York,Normal,Female,Apple,Household,15.7,12.0,13.19,201.59,0.0
278,B,Los Angeles,Member,Male,Detergent,Fruits,19.93,8.0,11.16,170.6,17.0
279,B,Los Angeles,Normal,Male,Notebook,Personal Care,2.4,17.0,2.86,43.66,0.0
280,B,Los Angeles,Normal,Female,Shampoo,Stationery,1.94,,0.81,12.45,0.0
281,B,Los Angeles,Member,Male,Shampoo,Fruits,4.31,6.0,1.81,27.67,2.0
282,A,New York,Member,Female,Detergent,Stationery,15.53,1.0,1.09,16.62,1.0
283,A,Chicago,Normal,Female,Detergent,Personal Care,18.01,4.0,5.04,77.08,0.0
284,B,Los Angeles,Member,Male,Shampoo,Personal Care,7.79,,,,
285,B,Los Angeles,Member,Male,Orange Juice,Beverages,1.5,4.0,0.42,6.42,0.0
286,A,Chicago,Normal,Male,Detergent,Stationery,,11.0,1.12,,0.0
287,A,Chicago,Normal,Female,Apple,Fruits,8.8,6.0,,56.5,0.0
288,A,New York,Normal,Female,Detergent,Household,1.92,19.0,2.55,39.03,0.0
289,B,Los Angeles,Normal,Female,Detergent,Beverages,20.43,8.0,,174.88,0.0
290,A,New York,Normal,Female,Shampoo,Personal Care,18.24,6.0,,117.1,0.0
291,A,Chicago,Member,Female,Detergent,Fruits,,18.0,2.72,,4.0
292,A,New York,Member,Female,Notebook,Personal Care,8.74,16.0,9.79,,
293,A,New York,Member,Female,Apple,Household,18.32,9.0,11.54,176.42,17.0
294,B,Los Angeles,Normal,Male,Shampoo,Stationery,3.79,19.0,5.04,77.05,0.0
295,B,Los Angeles,Member,Male,Orange Juice,Stationery,12.24,,1.71,26.19,2.0
296,A,New York,Normal,Male,Detergent,Beverages,,,0.62,9.42,0.0
297,B,Los Angeles,Member,Male,Orange Juice,Household,13.6,7.0,6.66,101.86,10.0
298,A,New York,Member,Female,Detergent,Fruits,,,5.87,89.66,8.0
299,A,Chicago,Normal,Female,Orange Juice,Personal Care,13.49,15.0,14.16,216.51,0.0
300,A,New York,Normal,Male,Apple,Stationery,9.85,12.0,8.27,,0.0
301,A,New York,Member,Male,Shampoo,Household,13.68,7.0,,,
302,A,Chicago,Normal,Male,Notebook,Beverages,14.79,18.0,18.64,284.86,0.0
303,A,Chicago,Member,Female,Orange Juice,Household,9.74,17.0,,177.17,17.0
304,A,New York,Normal,Male,Shampoo,Beverages,6.94,14.0,6.8,103.96,0.0
305,A,Chicago,Member,Female,Apple,Fruits,2.78,2.0,0.39,5.95,0.0
306,A,Chicago,Member,Male,Apple,Personal Care,17.58,1.0,1.23,18.81,
307,B,Los Angeles,Normal,Female,Detergent,Personal Care,14.2,,0.99,15.19,0.0
308,B,Los Angeles,Member,Male,Detergent,Fruits,,4.0,2.31,35.35,3.0
309,A,New York,Member,Male,Orange Juice,Beverages,8.62,1.0,0.6,9.22,0.0
310,A,Chicago,Member,Male,Orange Juice,Household,8.02,17.0,9.54,145.88,14.0
311,A,Chicago,Member,Female,Apple,Fruits,20.18,5.0,,107.96,10.0
312,B,Los Angeles,Member,Female,Detergent,Stationery,9.87,4.0,2.76,,4.0
313,B,Los Angeles,Normal,Female,Detergent,Fruits,5.37,13.0,4.89,,0.0
314,B,Los Angeles,Normal,Female,Notebook,Fruits,,3.0,2.39,36.47,0.0
315,B,Los Angeles,Member,Female,Detergent,Fruits,1.1,5.0,0.39,5.89,0.0
316,A,New York,Normal,Female,Shampoo,Stationery,1.09,4.0,0.31,4.67,0.0
317,A,Chicago,Normal,Female,Orange Juice,Stationery,3.07,18.0,3.87,59.13,0.0
318,A,Chicago,Normal,Female,Notebook,Stationery,,16.0,18.32,280.08,
319,B,Los Angeles,Member,Female,Notebook,Household,15.79,8.0,,135.16,13.0
320,A,New York,Normal,Male,Notebook,Beverages,16.89,20.0,,361.45,0.0
321,B,Los Angeles,Normal,Male,Notebook,Fruits,13.46,15.0,14.13,216.03,0.0
322,A,Chicago,Member,Female,Apple,Stationery,,16.0,4.83,73.79,7.0
323,B,Los Angeles,Member,Male,Orange Juice,Personal Care,19.14,5.0,6.7,102.4,10.0
324,A,Chicago,Normal,Male,Notebook,Beverages,1.5,13.0,1.37,20.87,0.0
325,B,Los Angeles,Member,Female,Detergent,Household,18.3,19.0,24.34,372.04,37.0
326,B,Los Angeles,Normal,Male,Apple,Household,5.13,14.0,5.03,76.85,0.0
327,B,Los Angeles,Member,Male,Shampoo,Fruits,4.25,11.0,3.27,50.02,
328,B,Los Angeles,Member,Male,Shampoo,Personal Care,18.22,,6.38,97.48,9.0
329,B,Los Angeles,Normal,Female,Orange Juice,Personal Care,1.24,10.0,0.87,13.27,
330,B,Los Angeles,Normal,Female,Detergent,Beverages,4.9,,4.12,62.92,0.0
331,B,Los Angeles,Member,Female,Notebook,Beverages,12.75,3.0,2.68,40.93,4.0
332,A,New York,Member,Female,Notebook,Personal Care,20.53,,25.87,395.41,39.0
333,A,New York,Member,Male,Apple,Personal Care,19.18,4.0,5.37,,8.0
334,B,Los Angeles,Member,Male,Apple,Beverages,17.71,13.0,16.12,246.35,24.0
335,A,Chicago,Member,Female,Apple,Stationery,18.25,14.0,17.89,,27.0
336,A,Chicago,Normal,Male,Shampoo,Fruits,9.5,12.0,7.98,,
337,A,New York,Member,Female,Notebook,Personal Care,6.5,5.0,2.28,34.78,3.0
338,B,Los Angeles,Member,Female,Detergent,Stationery,9.19,2.0,1.29,19.67,1.0
339,B,Los Angeles,Member,Male,Notebook,Personal Care,9.59,20.0,,205.23,20.0
340,B,Los Angeles,Member,Female,Orange Juice,Stationery,8.85,18.0,,,17.0
341,A,New York,Normal,Male,Shampoo,Stationery,7.01,12.0,5.89,90.01,0.0
342,B,Los Angeles,Normal,Male,Shampoo,Stationery,15.87,,2.22,33.96,
343,A,Chicago,Member,Male,Apple,Personal Care,4.59,,4.18,63.85,6.0
344,A,New York,Normal,Female,Apple,Personal Care,15.37,9.0,9.68,148.01,0.0
345,A,New York,Normal,Female,Apple,Beverages,10.07,7.0,4.93,75.42,0.0
346,A,Chicago,Normal,Male,Notebook,Stationery,5.67,10.0,3.97,60.67,0.0
347,B,Los Angeles,Member,Female,Notebook,Beverages,18.58,9.0,11.71,178.93,17.0
348,A,New York,Normal,Female,Shampoo,Beverages,20.85,7.0,10.22,,0.0
349,A,Chicago,Member,Male,Apple,Household,4.53,11.0,3.49,53.32,5.0
350,A,New York,Member,Male,Orange Juice,Personal Care,6.89,,,58.98,5.0
351,B,Los Angeles,Member,Male,Shampoo,Fruits,7.0,16.0,7.84,119.84,11.0
352,B,Los Angeles,Member,Female,Orange Juice,Household,5.61,16.0,6.28,96.04,9.0
353,B,Los Angeles,Member,Female,Shampoo,Household,7.64,11.0,5.88,89.92,8.0
354,B,Los Angeles,Member,Male,Orange Juice,Fruits,17.4,9.0,10.96,167.56,16.0
355,A,Chicago,Normal,Female,Orange Juice,Household,3.76,11.0,2.9,,0.0
356,A,Chicago,Normal,Female,Orange Juice,Fruits,,2.0,0.54,8.32,0.0
357,B,Los Angeles,Normal,Male,Detergent,Fruits,6.2,15.0,6.51,,0.0
358,A,New York,Normal,Male,Notebook,Fruits,10.36,,13.05,199.53,0.0
359,B,Los Angeles,Normal,Female,Notebook,Beverages,2.58,19.0,3.43,52.45,0.0
360,B,Los Angeles,Normal,Female,Orange Juice,Personal Care,2.12,16.0,2.37,36.29,0.0
361,A,Chicago,Normal,Female,Shampoo,Stationery,19.95,,2.79,42.69,
362,A,Chicago,Normal,Female,Notebook,Fruits,19.12,17.0,22.75,347.79,0.0
363,A,New York,Normal,Female,Shampoo,Household,18.71,11.0,14.41,220.22,0.0
364,A,New York,Member,Male,Shampoo,Personal Care,15.13,20.0,21.18,323.78,32.0
365,B,Los Angeles,Normal,Male,Orange Juice,Fruits,19.44,19.0,25.86,395.22,0.0
366,B,Los Angeles,Member,Male,Orange Juice,Personal Care,19.9,,11.14,170.34,17.0
367,B,Los Angeles,Member,Female,Orange Juice,Beverages,12.2,6.0,5.12,78.32,
368,A,New York,Normal,Male,Shampoo,Stationery,15.99,3.0,3.36,51.33,0.0
369,A,New York,Member,Female,Detergent,Fruits,12.78,8.0,7.16,109.4,10.0
370,A,Chicago,Member,Male,Apple,Stationery,1.13,1.0,0.08,,0.0
371,B,Los Angeles,Member,Female,Apple,Fruits,4.61,10.0,3.23,49.33,4.0
372,A,New York,Member,Female,Orange Juice,Beverages,20.0,2.0,2.8,,4.0
373,A,New York,Member,Male,Apple,Personal Care,13.7,14.0,13.43,,
374,A,Chicago,Normal,Female,Shampoo,Fruits,7.58,20.0,10.61,162.21,0.0
375,B,Los Angeles,Member,Female,Notebook,Stationery,1.66,1.0,0.12,,0.0
376,B,Los Angeles,Normal,Female,Notebook,Fruits,5.27,6.0,2.21,33.83,0.0
377,A,New York,Normal,Male,Notebook,Stationery,15.04,11.0,11.58,177.02,0.0
378,A,New York,Normal,Female,Notebook,Beverages,2.61,12.0,2.19,,0.0
379,A,New York,Normal,Female,Orange Juice,Fruits,,4.0,3.16,48.36,0.0
380,B,Los Angeles,Normal,Male,Detergent,Fruits,11.52,2.0,1.61,24.65,0.0
381,A,Chicago,Member,Male,Shampoo,Stationery,8.56,17.0,10.19,155.71,
382,A,New York,Member,Female,Detergent,Personal Care,2.11,6.0,0.89,13.55,
383,A,Chicago,Member,Female,Shampoo,Personal Care,,11.0,11.92,182.2,18.0
384,B,Los Angeles,Member,Male,Orange Juice,Fruits,3.25,20.0,4.55,69.55,6.0
385,A,New York,Member,Male,Notebook,Stationery,,2.0,0.18,2.72,0.0
386,B,Los Angeles,Normal,Male,Detergent,Fruits,10.94,20.0,15.32,234.12,0.0
387,A,New York,Member,Male,Shampoo,Household,9.43,1.0,0.66,10.09,1.0
388,A,New York,Normal,Male,Orange Juice,Household,11.75,14.0,11.52,176.02,
389,A,Chicago,Member,Male,Orange Juice,Household,,10.0,13.92,212.72,
390,A,Chicago,Member,Male,Orange Juice,Fruits,12.38,10.0,8.67,132.47,
391,B,Los Angeles,Normal,Male,Apple,Beverages,16.43,5.0,5.75,87.9,0.0
392,B,Los Angeles,Member,Male,Detergent,Household,9.35,3.0,,30.01,3.0
393,A,New York,Normal,Female,Orange Juice,Household,5.19,15.0,5.45,83.3,0.0
394,B,Los Angeles,Member,Male,Orange Juice,Beverages,12.07,7.0,5.91,90.4,
395,A,Chicago,Normal,Male,Orange Juice,Stationery,13.42,8.0,7.52,114.88,0.0
396,B,Los Angeles,Member,Male,Notebook,Beverages,3.34,13.0,3.04,46.46,4.0
397,B,Los Angeles,Member,Female,Notebook,Fruits,2.44,4.0,0.68,10.44,1.0
398,A,New York,Normal,Male,Apple,Fruits,19.17,,2.68,41.02,
399,A,Chicago,Normal,Female,Shampoo,Fruits,6.47,19.0,8.61,131.54,0.0
400,A,New York,Normal,Male,Notebook,Personal Care,16.38,12.0,13.76,210.32,0.0
401,B,Los Angeles,Normal,Female,Detergent,Fruits,,5.0,1.33,20.33,0.0
402,A,Chicago,Normal,Male,Detergent,Fruits,,,9.86,150.66,0.0
403,A,New York,Member,Female,Apple,Stationery,5.09,4.0,,21.79,2.0
404,B,Los Angeles,Member,Male,Detergent,Beverages,16.33,2.0,2.29,34.95,3.0
405,A,Chicago,Normal,Male,Detergent,Household,3.4,13.0,3.09,47.29,0.0
406,A,Chicago,Member,Male,Detergent,Household,13.3,17.0,15.83,241.93,24.0
407,B,Los Angeles,Member,Male,Notebook,Fruits,12.39,7.0,6.07,92.8,9.0
408,A,Chicago,Normal,Female,Detergent,Stationery,2.62,14.0,2.57,,0.0
409,B,Los Angeles,Normal,Female,Shampoo,Fruits,18.12,2.0,2.54,38.78,0.0
410,B,Los Angeles,Member,Female,Detergent,Beverages,,18.0,9.17,,14.0
411,B,Los Angeles,Normal,Male,Orange Juice,Fruits,17.85,11.0,13.74,210.09,
412,A,New York,Member,Male,Orange Juice,Personal Care,6.46,6.0,2.71,41.47,
413,A,Chicago,Member,Female,Detergent,Stationery,,5.0,3.05,46.65,4.0
414,A,Chicago,Normal,Female,Shampoo,Personal Care,15.92,,,85.17,0.0
415,A,New York,Normal,Male,Apple,Fruits,15.52,8.0,8.69,132.85,0.0
416,A,Chicago,Member,Female,Detergent,Fruits,8.26,10.0,5.78,88.38,8.0
417,A,New York,Member,Female,Notebook,Personal Care,13.19,17.0,,239.93,23.0
418,A,Chicago,Member,Female,Apple,Household,1.21,,1.69,25.89,
419,A,New York,Normal,Male,Detergent,Household,20.63,,15.89,242.82,0.0
420,A,New York,Normal,Male,Orange Juice,Stationery,,9.0,3.23,49.4,0.0
421,B,Los Angeles,Member,Female,Shampoo,Household,2.14,6.0,0.9,13.74,
422,A,New York,Member,Male,Shampoo,Personal Care,6.85,,1.92,29.32,2.0
423,B,Los Angeles,Normal,Male,Apple,Personal Care,12.59,17.0,,,0.0
424,A,Chicago,Member,Female,Shampoo,Stationery,,6.0,8.74,133.66,13.0
425,B,Los Angeles,Normal,Female,Orange Juice,Fruits,7.51,18.0,9.46,,0.0
426,A,Chicago,Member,Male,Detergent,Stationery,4.29,20.0,6.01,91.81,9.0
427,A,New York,Normal,Female,Apple,Personal Care,11.05,7.0,,82.76,0.0
428,A,Chicago,Normal,Male,Shampoo,Household,17.1,4.0,4.79,73.19,
429,A,Chicago,Normal,Female,Detergent,Beverages,1.72,13.0,1.57,23.93,0.0
430,A,Chicago,Normal,Female,Apple,Beverages,17.88,13.0,16.27,248.71,0.0
431,A,Chicago,Member,Female,Apple,Stationery,16.24,1.0,1.14,17.38,1.0
432,A,Chicago,Member,Male,Notebook,Beverages,12.83,5.0,4.49,68.64,6.0
433,B,Los Angeles,Normal,Female,Shampoo,Personal Care,20.8,15.0,21.84,333.84,0.0
434,B,Los Angeles,Normal,Female,Orange Juice,Household,13.78,5.0,4.82,73.72,0.0
435,A,New York,Normal,Female,Shampoo,Fruits,17.32,14.0,16.97,,
436,B,Los Angeles,Member,Male,Orange Juice,Personal Care,20.09,8.0,,171.97,17.0
437,B,Los Angeles,Member,Male,Detergent,Fruits,13.92,11.0,10.72,,16.0
438,A,New York,Member,Male,Shampoo,Beverages,15.48,3.0,3.25,49.69,4.0
439,A,New York,Normal,Female,Orange Juice,Personal Care,8.36,8.0,4.68,71.56,0.0
440,A,Chicago,Member,Female,Notebook,Personal Care,6.09,3.0,1.28,,1.0
441,A,Chicago,Normal,Male,Shampoo,Stationery,16.82,3.0,3.53,,0.0
442,A,Chicago,Normal,Female,Shampoo,Household,8.01,14.0,,119.99,0.0
443,A,Chicago,Member,Female,Notebook,Fruits,12.01,9.0,7.57,115.66,11.0
444,B,Los Angeles,Normal,Female,Apple,Beverages,8.19,8.0,4.59,70.11,0.0
445,B,Los Angeles,Member,Female,Shampoo,Stationery,16.37,2.0,2.29,35.03,3.0
446,B,Los Angeles,Normal,Male,Shampoo,Personal Care,10.61,20.0,14.85,227.05,0.0
447,A,New York,Member,Male,Notebook,Fruits,20.91,14.0,20.49,313.23,31.0
448,A,New York,Normal,Male,Apple,Stationery,15.32,9.0,9.65,147.53,0.0
449,B,Los Angeles,Member,Female,Orange Juice,Beverages,8.89,,7.47,114.15,11.0
450,B,Los Angeles,Normal,Male,Apple,Stationery,,15.0,20.53,,0.0
451,A,New York,Normal,Female,Notebook,Household,11.16,10.0,7.81,119.41,0.0
452,A,New York,Normal,Male,Apple,Stationery,16.43,5.0,5.75,87.9,0.0
453,A,New York,Normal,Male,Detergent,Household,16.77,3.0,3.52,53.83,0.0
454,B,Los Angeles,Normal,Male,Apple,Personal Care,7.23,4.0,2.02,30.94,0.0
455,A,Chicago,Member,Male,Detergent,Personal Care,9.64,16.0,,165.04,16.0
456,B,Los Angeles,Normal,Female,Orange Juice,Beverages,13.12,8.0,7.35,112.31,
457,B,Los Angeles,Member,Male,Apple,Beverages,13.3,3.0,2.79,,4.0
458,A,New York,Member,Male,Apple,Beverages,9.6,14.0,9.41,143.81,14.0
459,A,New York,Normal,Male,Apple,Household,4.37,15.0,4.59,,0.0
460,A,New York,Normal,Female,Shampoo,Stationery,9.94,1.0,0.7,10.64,0.0
461,A,New York,Normal,Female,Orange Juice,Household,4.38,11.0,3.37,51.55,0.0
462,B,Los Angeles,Member,Male,Apple,Household,10.18,9.0,6.41,98.03,9.0
463,B,Los Angeles,Normal,Female,Orange Juice,Household,12.64,1.0,0.88,13.52,0.0
464,B,Los Angeles,Normal,Male,Apple,Beverages,12.9,11.0,9.93,151.83,0.0
465,B,Los Angeles,Member,Female,Orange Juice,Personal Care,17.27,19.0,22.97,351.1,35.0
466,B,Los Angeles,Member,Male,Shampoo,Beverages,18.14,6.0,,116.46,11.0
467,B,Los Angeles,Member,Female,Orange Juice,Fruits,19.87,7.0,9.74,148.83,14.0
468,B,Los Angeles,Normal,Female,Orange Juice,Household,10.5,,5.15,78.65,0.0
469,A,Chicago,Normal,Male,Notebook,Fruits,15.98,6.0,6.71,102.59,0.0
470,B,Los Angeles,Normal,Female,Notebook,Beverages,2.97,1.0,0.21,3.18,0.0
471,A,Chicago,Member,Female,Notebook,Fruits,,8.0,0.85,,1.0
472,A,New York,Normal,Female,Shampoo,Beverages,5.38,11.0,4.14,63.32,0.0
473,A,Chicago,Member,Male,Apple,Beverages,12.89,12.0,10.83,,16.0
474,B,Los Angeles,Normal,Male,Shampoo,Stationery,4.94,5.0,1.73,26.43,0.0
475,A,Chicago,Member,Male,Orange Juice,Personal Care,18.18,17.0,21.63,330.69,33.0
476,B,Los Angeles,Normal,Female,Detergent,Stationery,7.95,1.0,0.56,8.51,0.0
477,B,Los Angeles,Normal,Female,Notebook,Fruits,11.44,6.0,4.8,,0.0
478,A,New York,Normal,Male,Notebook,Beverages,20.39,1.0,1.43,21.82,0.0
479,B,Los Angeles,Member,Female,Apple,Personal Care,18.9,3.0,3.97,60.67,6.0
480,A,Chicago,Normal,Male,Notebook,Stationery,14.42,10.0,10.09,154.29,0.0
481,A,New York,Member,Female,Notebook,Beverages,9.65,11.0,7.43,113.58,11.0
482,A,Chicago,Normal,Male,Detergent,Beverages,12.14,17.0,14.45,220.83,0.0
483,A,Chicago,Member,Male,Apple,Household,10.7,11.0,8.24,125.94,12.0
484,A,New York,Normal,Male,Orange Juice,Household,11.66,12.0,,149.71,0.0
485,A,Chicago,Normal,Female,Orange Juice,Household,12.57,16.0,14.08,215.2,0.0
486,B,Los Angeles,Normal,Female,Apple,Stationery,1.51,2.0,0.21,3.23,0.0
487,A,New York,Normal,Male,Apple,Household,8.28,9.0,5.22,,
488,A,New York,Member,Male,Detergent,Personal Care,,20.0,14.14,216.14,21.0
489,B,Los Angeles,Normal,Male,Notebook,Personal Care,,5.0,2.11,32.26,0.0
490,A,New York,Member,Female,Orange Juice,Personal Care,20.15,6.0,8.46,129.36,12.0
491,A,New York,Normal,Male,Detergent,Beverages,,10.0,0.98,14.98,0.0
492,B,Los Angeles,Member,Male,Apple,Stationery,14.04,11.0,10.81,165.25,16.0
493,A,New York,Normal,Male,Notebook,Stationery,17.02,20.0,23.83,364.23,0.0
494,B,Los Angeles,Normal,Male,Apple,Household,17.96,8.0,,153.74,0.0
495,A,New York,Normal,Male,Notebook,Fruits,8.3,8.0,4.65,71.05,0.0
496,A,Chicago,Member,Male,Notebook,Stationery,1.7,12.0,1.43,21.83,2.0
497,A,Chicago,Member,Male,Notebook,Household,4.09,18.0,5.15,78.77,7.0
498,B,Los Angeles,Normal,Male,Detergent,Fruits,12.82,5.0,4.49,,0.0
499,A,Chicago,Member,Female,Notebook,Personal Care,4.73,16.0,5.3,80.98,8.0
500,A,Chicago,Normal,Female,Shampoo,Fruits,17.48,14.0,17.13,261.85,0.0
501,A,New York,Normal,Male,Notebook,Personal Care,20.96,12.0,17.61,269.13,0.0
502,B,Los Angeles,Member,Male,Notebook,Beverages,12.33,6.0,5.18,79.16,7.0
503,A,New York,Normal,Female,Orange Juice,Beverages,16.24,20.0,,347.54,0.0
504,B,Los Angeles,Normal,Male,Shampoo,Personal Care,,6.0,1.15,17.53,
505,A,Chicago,Member,Male,Detergent,Stationery,3.43,19.0,4.56,69.73,6.0
506,A,Chicago,Normal,Male,Apple,Fruits,14.14,12.0,11.88,181.56,0.0
507,B,Los Angeles,Normal,Male,Orange Juice,Fruits,5.17,15.0,5.43,82.98,0.0
508,A,New York,Member,Female,Orange Juice,Household,14.16,4.0,3.96,60.6,
509,A,Chicago,Normal,Female,Orange Juice,Beverages,20.51,2.0,2.87,43.89,0.0
510,A,Chicago,Member,Female,Shampoo,Fruits,,20.0,21.62,330.42,33.0
511,A,New York,Member,Female,Notebook,Personal Care,20.48,,24.37,372.53,37.0
512,A,Chicago,Member,Male,Shampoo,Stationery,,1.0,0.92,14.07,1.0
513,A,Chicago,Member,Female,Detergent,Household,1.35,1.0,0.09,1.44,
514,B,Los Angeles,Normal,Male,Detergent,Stationery,18.09,6.0,,116.14,0.0
515,A,New York,Normal,Male,Detergent,Beverages,8.75,8.0,4.9,,0.0
516,B,Los Angeles,Normal,Female,Detergent,Household,1.81,17.0,,,0.0
517,A,Chicago,Member,Male,Shampoo,Stationery,,,3.47,52.99,5.0
518,A,New York,Member,Male,Detergent,Household,10.1,1.0,0.71,10.81,1.0
519,B,Los Angeles,Member,Female,Detergent,Household,,9.0,4.1,62.69,6.0
520,A,Chicago,Member,Male,Apple,Household,1.88,3.0,0.39,6.03,
521,A,Chicago,Normal,Female,Shampoo,Stationery,13.79,3.0,,44.27,0.0
522,A,Chicago,Normal,Female,Notebook,Beverages,20.23,18.0,25.49,389.63,0.0
523,A,Chicago,Normal,Male,Apple,Household,17.8,2.0,2.49,38.09,0.0
524,B,Los Angeles,Member,Male,Detergent,Household,7.53,15.0,7.91,120.86,12.0
525,B,Los Angeles,Normal,Female,Shampoo,Fruits,9.51,12.0,7.99,122.11,0.0
526,A,Chicago,Normal,Female,Detergent,Household,1.68,7.0,0.82,12.58,0.0
527,A,New York,Member,Male,Apple,Personal Care,12.2,16.0,13.66,208.86,20.0
528,B,Los Angeles,Member,Female,Detergent,Stationery,6.04,13.0,5.5,84.02,8.0
529,B,Los Angeles,Normal,Female,Shampoo,Beverages,1.63,,1.48,,0.0
530,A,Chicago,Normal,Female,Detergent,Fruits,10.77,18.0,13.57,207.43,0.0
531,B,Los Angeles,Normal,Male,Detergent,Household,9.67,18.0,12.18,186.24,0.0
532,A,New York,Normal,Male,Shampoo,Stationery,17.53,8.0,9.82,150.06,0.0
533,A,New York,Member,Male,Orange Juice,Personal Care,4.96,11.0,3.82,58.38,5.0
534,A,New York,Normal,Male,Detergent,Fruits,7.84,,1.65,25.17,0.0
535,A,Chicago,Member,Male,Notebook,Fruits,17.4,8.0,9.74,148.94,14.0
536,A,Chicago,Normal,Male,Apple,Stationery,12.52,5.0,4.38,66.98,0.0
537,A,New York,Normal,Male,Orange Juice,Beverages,13.59,11.0,10.46,159.95,0.0
538,A,New York,Member,Female,Notebook,Stationery,10.77,14.0,10.55,161.33,16.0
539,A,Chicago,Normal,Male,Notebook,Stationery,16.63,19.0,22.12,338.09,
540,A,New York,Normal,Male,Shampoo,Fruits,,5.0,6.97,106.57,
541,A,Chicago,Normal,Female,Orange Juice,Personal Care,14.49,2.0,2.03,31.01,0.0
542,A,New York,Member,Male,Orange Juice,Household,9.7,18.0,12.22,186.82,18.0
543,A,New York,Member,Male,Apple,Stationery,5.16,20.0,7.22,110.42,11.0
544,A,Chicago,Normal,Male,Apple,Household,15.69,13.0,14.28,218.25,0.0
545,B,Los Angeles,Normal,Male,Notebook,Household,14.05,,1.97,30.07,0.0
546,A,Chicago,Normal,Female,Shampoo,Personal Care,15.5,2.0,2.17,33.17,0.0
547,A,Chicago,Normal,Male,Orange Juice,Household,,,10.98,167.78,
548,A,New York,Member,Male,Detergent,Beverages,4.42,18.0,5.57,85.13,8.0
549,A,New York,Member,Female,Orange Juice,Household,14.48,7.0,,108.46,10.0
550,B,Los Angeles,Member,Female,Shampoo,Beverages,3.05,,3.63,55.48,5.0
551,A,Chicago,Normal,Female,Apple,Fruits,9.83,13.0,8.95,136.74,0.0
552,A,Chicago,Member,Female,Notebook,Household,9.0,1.0,0.63,9.63,
553,A,New York,Normal,Male,Notebook,Beverages,4.19,17.0,4.99,76.22,0.0
554,A,New York,Normal,Male,Apple,Household,20.87,1.0,1.46,22.33,0.0
555,A,New York,Normal,Female,Detergent,Personal Care,13.19,,14.77,225.81,0.0
556,A,Chicago,Member,Male,Apple,Fruits,11.38,7.0,5.58,85.24,8.0
557,A,Chicago,Normal,Female,Notebook,Beverages,2.77,19.0,3.68,56.31,0.0
558,B,Los Angeles,Normal,Female,Detergent,Fruits,15.56,1.0,1.09,,0.0
559,A,New York,Normal,Female,Apple,Personal Care,,,7.82,119.54,0.0
560,A,New York,Normal,Male,Notebook,Beverages,19.03,13.0,17.32,264.71,0.0
561,A,New York,Member,Female,Apple,Personal Care,16.48,13.0,15.0,229.24,22.0
562,B,Los Angeles,Member,Female,Shampoo,Fruits,3.19,5.0,1.12,17.07,1.0
563,B,Los Angeles,Member,Female,Notebook,Household,,,2.56,39.08,3.0
564,A,Chicago,Normal,Male,Shampoo,Beverages,8.73,,12.22,,
565,A,New York,Normal,Male,Notebook,Beverages,9.95,12.0,8.36,127.76,0.0
566,A,Chicago,Member,Male,Orange Juice,Fruits,5.63,18.0,7.09,108.43,10.0
567,A,Chicago,Normal,Male,Shampoo,Stationery,17.19,8.0,9.63,147.15,0.0
568,B,Los Angeles,Normal,Male,Apple,Household,15.0,12.0,,192.6,0.0
569,B,Los Angeles,Normal,Female,Orange Juice,Personal Care,4.28,17.0,5.09,77.85,0.0
570,B,Los Angeles,Member,Female,Notebook,Personal Care,4.47,14.0,4.38,66.96,6.0
571,B,Los Angeles,Member,Male,Apple,Household,17.49,1.0,1.22,18.71,1.0
572,B,Los Angeles,Normal,Female,Shampoo,Personal Care,11.72,7.0,5.74,87.78,0.0
573,A,New York,Member,Female,Shampoo,Beverages,17.25,9.0,10.87,166.12,16.0
574,B,Los Angeles,Normal,Female,Notebook,Beverages,11.99,19.0,15.95,243.76,0.0
575,B,Los Angeles,Normal,Male,Shampoo,Household,8.29,10.0,5.8,88.7,0.0
576,B,Los Angeles,Normal,Male,Orange Juice,Stationery,6.18,3.0,,19.84,0.0
577,A,Chicago,Member,Male,Notebook,Beverages,17.72,7.0,,132.72,13.0
578,A,Chicago,Member,Male,Orange Juice,Personal Care,12.14,14.0,11.9,181.86,18.0
579,B,Los Angeles,Normal,Female,Shampoo,Personal Care,9.73,15.0,10.22,156.17,0.0
580,A,Chicago,Member,Male,Notebook,Personal Care,19.67,5.0,6.88,105.23,10.0
581,B,Los Angeles,Normal,Female,Orange Juice,Household,1.35,17.0,1.61,24.56,0.0
582,B,Los Angeles,Normal,Male,Orange Juice,Household,17.95,5.0,6.28,96.03,0.0
583,B,Los Angeles,Member,Male,Apple,Beverages,5.98,17.0,7.12,108.78,10.0
584,B,Los Angeles,Member,Male,Notebook,Household,13.82,20.0,19.35,295.75,29.0
585,B,Los Angeles,Normal,Male,Shampoo,Fruits,10.67,14.0,10.46,159.84,0.0
586,A,Chicago,Normal,Male,Detergent,Personal Care,7.58,12.0,6.37,97.33,0.0
587,A,New York,Normal,Female,Apple,Personal Care,19.99,,9.8,,0.0
588,B,Los Angeles,Normal,Male,Orange Juice,Stationery,12.74,7.0,6.24,95.42,0.0
589,A,New York,Member,Male,Apple,Fruits,5.61,9.0,3.53,54.02,5.0
590,B,Los Angeles,Normal,Male,Shampoo,Fruits,2.7,1.0,0.19,2.89,0.0
591,A,Chicago,Normal,Male,Shampoo,Fruits,11.33,8.0,6.34,96.98,0.0
592,B,Los Angeles,Normal,Male,Notebook,Beverages,18.91,14.0,18.53,283.27,0.0
593,A,Chicago,Member,Female,Apple,Household,1.38,18.0,1.74,26.58,2.0
594,B,Los Angeles,Normal,Female,Detergent,Personal Care,18.28,19.0,24.31,371.63,0.0
595,A,New York,Member,Female,Apple,Stationery,1.89,10.0,1.32,20.22,2.0
596,A,New York,Normal,Male,Notebook,Household,6.36,7.0,3.12,47.64,0.0
597,A,Chicago,Member,Female,Detergent,Personal Care,13.96,16.0,15.64,239.0,23.0
598,B,Los Angeles,Normal,Male,Orange Juice,Personal Care,10.84,18.0,,208.78,0.0
599,B,Los Angeles,Normal,Female,Orange Juice,Personal Care,9.78,1.0,,10.46,0.0
600,A,Chicago,Member,Male,Apple,Stationery,3.33,11.0,2.56,,3.0
601,A,Chicago,Normal,Female,Apple,Personal Care,8.67,10.0,6.07,92.77,0.0
602,B,Los Angeles,Member,Male,Detergent,Beverages,11.73,,15.6,238.47,23.0
603,A,New York,Normal,Male,Detergent,Household,7.96,12.0,6.69,102.21,0.0
604,A,Chicago,Normal,Male,Apple,Beverages,5.87,7.0,2.88,,0.0
605,A,New York,Normal,Female,Notebook,Fruits,4.15,,,4.44,0.0
606,A,Chicago,Member,Male,Shampoo,Stationery,10.22,5.0,3.58,54.68,5.0
607,B,Los Angeles,Normal,Male,Orange Juice,Household,17.42,,,55.92,0.0
608,B,Los Angeles,Normal,Male,Apple,Personal Care,7.44,12.0,6.25,95.53,0.0
609,A,Chicago,Member,Male,Shampoo,Household,15.53,8.0,8.7,132.94,13.0
610,A,Chicago,Normal,Female,Apple,Personal Care,2.68,,0.94,14.34,0.0
611,A,New York,Normal,Male,Apple,Beverages,15.57,2.0,2.18,,0.0
612,A,New York,Member,Male,Detergent,Stationery,8.39,,0.59,8.98,
613,B,Los Angeles,Normal,Male,Apple,Beverages,19.28,2.0,2.7,41.26,0.0
614,A,New York,Normal,Female,Orange Juice,Stationery,12.9,6.0,5.42,,0.0
615,A,New York,Normal,Male,Orange Juice,Fruits,6.9,6.0,2.9,44.3,0.0
616,B,Los Angeles,Normal,Female,Apple,Household,,3.0,2.72,41.54,0.0
617,A,Chicago,Normal,Male,Notebook,Stationery,8.76,4.0,2.45,,0.0
618,A,New York,Normal,Female,Detergent,Fruits,3.64,8.0,2.04,31.16,0.0
619,A,Chicago,Member,Female,Shampoo,Household,8.39,15.0,8.81,134.66,13.0
620,B,Los Angeles,Member,Female,Apple,Stationery,3.07,9.0,1.93,29.56,2.0
621,B,Los Angeles,Member,Female,Notebook,Stationery,4.57,17.0,5.44,83.13,8.0
622,A,New York,Normal,Female,Detergent,Fruits,19.77,20.0,,423.08,0.0
623,B,Los Angeles,Member,Male,Orange Juice,Stationery,2.39,7.0,1.17,17.9,1.0
624,A,Chicago,Member,Female,Notebook,Personal Care,17.73,19.0,23.58,360.45,36.0
625,A,New York,Member,Male,Detergent,Beverages,11.96,3.0,2.51,38.39,3.0
626,A,New York,Member,Male,Detergent,Personal Care,12.34,8.0,6.91,105.63,10.0
627,A,Chicago,Normal,Female,Orange Juice,Stationery,,,1.3,19.9,0.0
628,B,Los Angeles,Normal,Male,Shampoo,Household,15.18,5.0,5.31,81.21,0.0
629,B,Los Angeles,Normal,Male,Notebook,Personal Care,14.15,19.0,,,0.0
630,B,Los Angeles,Normal,Male,Notebook,Stationery,7.15,14.0,7.01,107.11,0.0
631,A,New York,Normal,Female,Shampoo,Fruits,14.7,14.0,14.41,220.21,0.0
632,A,Chicago,Normal,Male,Orange Juice,Household,20.6,17.0,24.51,374.71,0.0
633,B,Los Angeles,Normal,Male,Shampoo,Stationery,13.71,,1.92,29.34,0.0
634,A,New York,Normal,Female,Apple,Household,17.17,1.0,1.2,18.37,0.0
635,A,New York,Normal,Female,Detergent,Beverages,,5.0,3.28,50.18,0.0
636,B,Los Angeles,Normal,Female,Apple,Beverages,4.34,1.0,0.3,4.64,0.0
637,A,Chicago,Normal,Male,Orange Juice,Personal Care,11.71,2.0,1.64,25.06,0.0
638,A,Chicago,Member,Male,Orange Juice,Fruits,,15.0,9.24,141.24,14.0
639,A,Chicago,Member,Male,Orange Juice,Fruits,14.09,20.0,19.73,301.53,30.0
640,B,Los Angeles,Normal,Male,Orange Juice,Fruits,14.33,20.0,20.06,306.66,0.0
641,A,Chicago,Normal,Female,Notebook,Household,4.88,2.0,0.68,,0.0
642,A,New York,Normal,Female,Detergent,Fruits,17.25,6.0,7.25,110.75,0.0
643,A,Chicago,Member,Female,Orange Juice,Stationery,5.83,1.0,0.41,6.24,0.0
644,A,New York,Normal,Male,Shampoo,Fruits,13.2,16.0,14.78,225.98,0.0
645,A,New York,Member,Male,Shampoo,Household,1.26,,,2.7,0.0
646,B,Los Angeles,Normal,Male,Detergent,Household,19.44,14.0,19.05,291.21,0.0
647,A,Chicago,Member,Male,Orange Juice,Beverages,3.4,14.0,3.33,50.93,5.0
648,B,Los Angeles,Member,Male,Orange Juice,Personal Care,6.4,18.0,8.06,123.26,12.0
649,A,Chicago,Normal,Female,Detergent,Stationery,7.8,18.0,9.83,150.23,0.0
650,A,Chicago,Normal,Male,Notebook,Beverages,2.31,9.0,1.46,22.25,0.0
651,A,Chicago,Normal,Female,Shampoo,Fruits,4.52,5.0,,,
652,A,Chicago,Member,Female,Orange Juice,Fruits,13.53,18.0,17.05,260.59,26.0
653,A,New York,Normal,Male,Detergent,Beverages,19.71,16.0,22.08,337.44,0.0
654,A,Chicago,Member,Female,Detergent,Fruits,10.14,,9.94,151.9,15.0
655,B,Los Angeles,Member,Male,Shampoo,Household,,4.0,,47.94,4.0
656,A,Chicago,Member,Female,Apple,Household,2.01,3.0,0.42,6.45,0.0
657,A,New York,Member,Male,Detergent,Stationery,4.14,2.0,0.58,8.86,0.0
658,A,Chicago,Normal,Female,Orange Juice,Household,16.47,16.0,18.45,281.97,0.0
659,A,Chicago,Member,Male,Orange Juice,Beverages,12.7,4.0,3.56,54.36,5.0
660,B,Los Angeles,Member,Female,Notebook,Fruits,10.72,18.0,13.51,206.47,20.0
661,A,New York,Member,Female,Shampoo,Personal Care,15.29,3.0,3.21,49.08,4.0
662,A,New York,Member,Male,Notebook,Personal Care,12.5,14.0,12.25,187.25,18.0
663,B,Los Angeles,Member,Male,Orange Juice,Beverages,,18.0,23.88,364.98,36.0
664,A,New York,Normal,Male,Shampoo,Beverages,,14.0,13.44,205.38,0.0
665,B,Los Angeles,Normal,Male,Shampoo,Beverages,8.36,2.0,1.17,17.89,0.0
666,A,Chicago,Normal,Female,Detergent,Personal Care,14.62,1.0,1.02,15.64,0.0
667,B,Los Angeles,Normal,Female,Detergent,Fruits,13.93,16.0,15.6,238.48,0.0
668,A,New York,Member,Male,Detergent,Fruits,18.0,13.0,16.38,250.38,25.0
669,A,Chicago,Member,Female,Apple,Personal Care,,4.0,4.07,62.27,6.0
670,A,New York,Member,Female,Shampoo,Fruits,17.4,8.0,9.74,148.94,14.0
671,A,New York,Member,Male,Orange Juice,Stationery,2.47,4.0,0.69,10.57,1.0
672,B,Los Angeles,Member,Male,Notebook,Stationery,,16.0,7.87,120.35,12.0
673,A,Chicago,Member,Male,Shampoo,Stationery,17.59,1.0,1.23,,1.0
674,A,Chicago,Member,Male,Orange Juice,Stationery,17.6,5.0,6.16,94.16,9.0
675,B,Los Angeles,Normal,Male,Orange Juice,Personal Care,10.42,3.0,2.19,33.45,0.0
676,B,Los Angeles,Normal,Male,Detergent,Stationery,10.82,9.0,6.82,104.2,0.0
677,A,New York,Member,Male,Shampoo,Stationery,16.49,4.0,,70.58,
678,A,New York,Member,Male,Orange Juice,Fruits,4.58,,2.24,34.3,3.0
679,B,Los Angeles,Normal,Male,Apple,Personal Care,4.52,11.0,3.48,53.2,0.0
680,A,Chicago,Member,Female,Detergent,Beverages,15.75,18.0,19.85,303.35,30.0
681,A,Chicago,Normal,Male,Detergent,Stationery,14.31,7.0,7.01,107.18,0.0
682,A,Chicago,Member,Female,Apple,Fruits,19.77,8.0,11.07,169.23,16.0
683,A,New York,Member,Male,Detergent,Beverages,14.37,,13.08,199.89,19.0
684,A,New York,Member,Female,Shampoo,Household,13.05,14.0,12.79,195.49,19.0
685,A,New York,Normal,Female,Apple,Fruits,3.48,3.0,0.73,11.17,0.0
686,A,Chicago,Normal,Female,Notebook,Fruits,4.33,,0.61,9.27,0.0
687,A,Chicago,Member,Male,Orange Juice,Beverages,4.09,6.0,1.72,26.26,2.0
688,A,New York,Member,Female,Detergent,Beverages,4.58,5.0,1.6,24.5,
689,A,New York,Normal,Female,Orange Juice,Household,,3.0,0.5,7.61,0.0
690,A,New York,Member,Female,Notebook,Stationery,,15.0,4.35,66.45,6.0
691,A,New York,Normal,Male,Shampoo,Stationery,7.73,15.0,8.12,124.07,0.0
692,B,Los Angeles,Member,Male,Apple,Beverages,4.93,5.0,1.73,26.38,2.0
693,B,Los Angeles,Normal,Male,Apple,Beverages,5.47,,2.3,35.12,0.0
694,A,New York,Member,Female,Detergent,Household,6.05,6.0,2.54,38.84,3.0
695,A,New York,Normal,Female,Notebook,Stationery,6.56,11.0,5.05,77.21,0.0
696,A,Chicago,Member,Female,Detergent,Stationery,,19.0,,151.66,15.0
697,B,Los Angeles,Normal,Female,Detergent,Household,19.03,14.0,,285.07,0.0
698,A,Chicago,Normal,Female,Apple,Fruits,18.52,2.0,2.59,39.63,0.0
699,B,Los Angeles,Normal,Female,Orange Juice,Household,13.05,1.0,0.91,13.96,0.0
700,A,Chicago,Normal,Male,Shampoo,Beverages,12.81,20.0,17.93,274.13,0.0
701,A,Chicago,Normal,Female,Apple,Beverages,14.78,16.0,16.55,253.03,0.0
702,A,New York,Member,Male,Detergent,Fruits,18.54,13.0,16.87,,
703,A,New York,Normal,Female,Notebook,Beverages,15.61,19.0,20.76,317.35,0.0
704,A,New York,Member,Male,Shampoo,Stationery,17.93,,13.81,211.04,21.0
705,B,Los Angeles,Normal,Female,Detergent,Stationery,7.6,17.0,9.04,,0.0
706,A,Chicago,Member,Male,Apple,Personal Care,19.82,10.0,13.87,212.07,21.0
707,A,Chicago,Member,Female,Orange Juice,Personal Care,10.89,18.0,13.72,209.74,20.0
708,A,Chicago,Normal,Female,Orange Juice,Stationery,8.75,5.0,3.06,46.81,0.0
709,B,Los Angeles,Member,Male,Notebook,Stationery,1.42,,0.2,3.04,0.0
710,A,Chicago,Normal,Male,Orange Juice,Fruits,14.45,18.0,18.21,278.31,0.0
711,B,Los Angeles,Member,Female,Orange Juice,Personal Care,,7.0,1.72,26.36,2.0
712,A,Chicago,Member,Male,Shampoo,Stationery,17.93,11.0,,211.04,21.0
713,B,Los Angeles,Member,Female,Shampoo,Personal Care,6.21,3.0,1.3,19.93,1.0
714,A,New York,Member,Male,Orange Juice,Personal Care,13.68,3.0,2.87,43.91,4.0
715,A,Chicago,Normal,Male,Orange Juice,Household,11.7,,,75.11,0.0
716,A,New York,Member,Female,Shampoo,Personal Care,18.27,16.0,20.46,312.78,31.0
717,A,Chicago,Member,Male,Apple,Fruits,2.47,16.0,,42.29,4.0
718,A,New York,Normal,Male,Shampoo,Fruits,,20.0,3.93,60.13,0.0
719,A,Chicago,Normal,Female,Orange Juice,Fruits,5.87,19.0,7.81,119.34,0.0
720,A,Chicago,Member,Female,Apple,Household,1.09,,1.53,23.33,2.0
721,A,Chicago,Member,Female,Detergent,Stationery,20.04,15.0,21.04,321.64,32.0
722,A,New York,Member,Female,Shampoo,Fruits,17.96,1.0,1.26,19.22,
723,B,Los Angeles,Member,Male,Shampoo,Beverages,14.97,13.0,13.62,,20.0
724,A,Chicago,Member,Male,Shampoo,Stationery,15.53,12.0,13.05,199.41,19.0
725,A,New York,Member,Female,Detergent,Household,7.83,15.0,8.22,125.67,12.0
726,B,Los Angeles,Member,Male,Apple,Fruits,10.11,1.0,,10.82,
727,A,New York,Member,Male,Apple,Personal Care,,,6.72,102.72,10.0
728,A,New York,Member,Female,Notebook,Personal Care,,20.0,13.05,199.45,19.0
729,A,Chicago,Normal,Male,Detergent,Stationery,2.93,14.0,2.87,43.89,0.0
730,A,Chicago,Member,Male,Detergent,Personal Care,12.67,11.0,9.76,149.13,14.0
731,A,Chicago,Member,Male,Notebook,Fruits,7.74,10.0,5.42,82.82,8.0
732,A,Chicago,Normal,Female,Detergent,Personal Care,2.4,17.0,2.86,43.66,
733,B,Los Angeles,Normal,Male,Detergent,Personal Care,5.43,,6.08,92.96,0.0
734,B,Los Angeles,Member,Male,Notebook,Fruits,14.92,17.0,17.75,271.39,27.0
735,A,New York,Member,Female,Detergent,Beverages,12.85,2.0,1.8,27.5,2.0
736,A,New York,Member,Male,Shampoo,Household,16.19,9.0,10.2,155.91,15.0
737,A,New York,Member,Female,Apple,Stationery,8.47,15.0,8.89,135.94,13.0
738,B,Los Angeles,Member,Female,Notebook,Fruits,7.94,8.0,4.45,67.97,6.0
739,A,Chicago,Normal,Male,Notebook,Personal Care,18.04,18.0,22.73,347.45,0.0
740,A,New York,Normal,Female,Apple,Stationery,7.15,,5.01,76.51,0.0
741,A,New York,Member,Male,Notebook,Household,9.92,3.0,2.08,31.84,3.0
742,A,Chicago,Normal,Male,Shampoo,Fruits,9.37,9.0,5.9,90.23,0.0
743,A,Chicago,Member,Female,Notebook,Personal Care,9.06,16.0,10.15,155.11,
744,B,Los Angeles,Normal,Male,Detergent,Beverages,,1.0,,17.46,0.0
745,A,Chicago,Member,Male,Orange Juice,Stationery,,14.0,19.83,303.05,30.0
746,A,Chicago,Member,Female,Shampoo,Household,9.25,14.0,9.07,138.57,
747,A,New York,Normal,Male,Orange Juice,Household,16.84,1.0,,18.02,0.0
748,B,Los Angeles,Normal,Female,Notebook,Personal Care,6.61,4.0,1.85,28.29,
749,A,Chicago,Normal,Female,Notebook,Beverages,13.59,12.0,11.42,174.5,0.0
750,A,New York,Member,Male,Detergent,Stationery,18.32,14.0,17.95,274.43,27.0
751,A,Chicago,Normal,Male,Apple,Household,12.14,20.0,17.0,259.8,0.0
752,A,Chicago,Member,Female,Detergent,Beverages,7.98,3.0,1.68,25.62,2.0
753,B,Los Angeles,Member,Male,Orange Juice,Personal Care,7.87,3.0,,25.26,2.0
754,A,Chicago,Normal,Male,Orange Juice,Household,16.89,17.0,20.1,307.23,0.0
755,A,Chicago,Member,Male,Detergent,Beverages,3.09,2.0,0.43,6.61,0.0
756,B,Los Angeles,Member,Female,Orange Juice,Household,2.2,20.0,3.08,47.08,4.0
757,A,Chicago,Member,Female,Apple,Stationery,2.73,10.0,1.91,29.21,
758,B,Los Angeles,Member,Male,Shampoo,Fruits,16.62,12.0,13.96,213.4,21.0
759,B,Los Angeles,Normal,Male,Orange Juice,Beverages,16.49,2.0,2.31,35.29,0.0
760,A,Chicago,Normal,Male,Orange Juice,Personal Care,19.92,,8.37,127.89,0.0
761,B,Los Angeles,Normal,Female,Apple,Stationery,20.74,19.0,27.58,421.64,0.0
762,B,Los Angeles,Member,Male,Orange Juice,Household,13.25,,5.57,85.07,8.0
763,A,New York,Member,Female,Detergent,Fruits,10.46,18.0,,201.46,20.0
764,B,Los Angeles,Normal,Female,Orange Juice,Fruits,2.84,18.0,3.58,54.7,0.0
765,A,New York,Normal,Male,Detergent,Personal Care,9.04,17.0,10.76,,0.0
766,A,Chicago,Member,Female,Shampoo,Personal Care,9.84,4.0,2.76,42.12,4.0
767,A,Chicago,Member,Male,Apple,Household,10.21,8.0,5.72,87.4,8.0
768,B,Los Angeles,Normal,Female,Orange Juice,Stationery,10.46,5.0,3.66,55.96,
769,A,New York,Normal,Male,Apple,Personal Care,15.93,11.0,12.27,187.5,0.0
770,A,New York,Normal,Female,Notebook,Beverages,10.11,14.0,9.91,151.45,0.0
771,A,Chicago,Normal,Male,Shampoo,Stationery,10.97,,13.82,211.28,
772,B,Los Angeles,Member,Male,Apple,Stationery,11.4,1.0,0.8,12.2,1.0
773,A,New York,Normal,Female,Orange Juice,Stationery,14.63,11.0,11.27,172.2,0.0
774,A,New York,Normal,Female,Apple,Stationery,16.48,5.0,5.77,88.17,0.0
775,A,Chicago,Normal,Female,Detergent,Beverages,1.72,15.0,1.81,27.61,0.0
776,A,Chicago,Member,Male,Shampoo,Household,17.12,15.0,17.98,274.78,27.0
777,B,Los Angeles,Member,Female,Detergent,Stationery,8.81,,2.47,37.71,
778,B,Los Angeles,Member,Male,Orange Juice,Personal Care,3.11,4.0,0.87,13.31,1.0
779,B,Los Angeles,Member,Female,Orange Juice,Beverages,10.57,20.0,14.8,226.2,22.0
780,A,Chicago,Normal,Male,Shampoo,Stationery,6.64,7.0,3.25,49.73,0.0
781,A,Chicago,Normal,Male,Shampoo,Stationery,17.37,,,371.72,
782,A,New York,Member,Female,Detergent,Beverages,4.94,7.0,2.42,37.0,3.0
783,A,Chicago,Member,Female,Detergent,Household,,3.0,0.97,14.83,1.0
784,B,Los Angeles,Normal,Male,Notebook,Stationery,10.23,10.0,7.16,109.46,0.0
785,A,New York,Normal,Female,Apple,Household,9.94,6.0,4.17,63.81,0.0
786,A,Chicago,Normal,Male,Shampoo,Household,5.14,17.0,6.12,93.5,0.0
787,A,Chicago,Normal,Male,Shampoo,Personal Care,17.65,12.0,14.83,226.63,0.0
788,A,Chicago,Normal,Female,Detergent,Personal Care,10.01,20.0,14.01,214.21,0.0
789,B,Los Angeles,Member,Female,Notebook,Household,1.82,18.0,,35.05,3.0
790,A,New York,Normal,Female,Shampoo,Personal Care,16.31,7.0,7.99,122.16,0.0
791,B,Los Angeles,Member,Male,Detergent,Beverages,11.87,2.0,1.66,25.4,2.0
792,A,New York,Normal,Male,Detergent,Beverages,,10.0,2.08,31.78,0.0
793,B,Los Angeles,Member,Male,Notebook,Household,5.86,18.0,7.38,112.86,
794,A,New York,Normal,Female,Notebook,Personal Care,2.28,16.0,2.55,39.03,0.0
795,B,Los Angeles,Member,Female,Apple,Beverages,,2.0,,,1.0
796,A,Chicago,Member,Male,Shampoo,Fruits,8.75,6.0,,56.18,5.0
797,A,New York,Member,Male,Orange Juice,Personal Care,1.87,,2.36,36.02,3.0
798,A,New York,Member,Female,Orange Juice,Fruits,12.01,11.0,,141.36,14.0
799,A,New York,Normal,Female,Notebook,Stationery,4.05,3.0,,13.0,0.0
800,A,Chicago,Member,Female,Detergent,Personal Care,6.27,20.0,,134.18,13.0
801,B,Los Angeles,Member,Female,Apple,Beverages,9.58,14.0,9.39,143.51,14.0
802,A,Chicago,Normal,Male,Detergent,Personal Care,6.88,4.0,1.93,29.45,
803,A,Chicago,Member,Female,Shampoo,Fruits,1.1,16.0,1.23,18.83,1.0
804,A,New York,Member,Female,Notebook,Personal Care,4.26,7.0,2.09,31.91,3.0
805,B,Los Angeles,Normal,Female,Orange Juice,Beverages,11.11,19.0,14.78,225.87,0.0
806,A,Chicago,Normal,Female,Orange Juice,Fruits,7.64,20.0,10.7,163.5,0.0
807,A,Chicago,Normal,Male,Apple,Beverages,9.78,5.0,3.42,52.32,
808,A,Chicago,Normal,Male,Detergent,Stationery,8.92,4.0,2.5,38.18,0.0
809,B,Los Angeles,Member,Female,Detergent,Beverages,,4.0,1.07,16.35,1.0
810,A,New York,Member,Female,Apple,Household,,4.0,,73.83,7.0
811,A,Chicago,Member,Female,Notebook,Stationery,5.52,20.0,7.73,118.13,11.0
812,B,Los Angeles,Normal,Female,Apple,Beverages,19.05,19.0,25.34,387.29,0.0
813,B,Los Angeles,Normal,Male,Detergent,Beverages,20.23,19.0,26.91,411.28,
814,A,Chicago,Normal,Female,Apple,Beverages,6.24,10.0,,66.77,0.0
815,A,Chicago,Member,Male,Apple,Household,15.98,8.0,,136.79,13.0
816,B,Los Angeles,Member,Female,Notebook,Fruits,3.05,17.0,3.63,55.48,5.0
817,A,Chicago,Member,Female,Notebook,Fruits,14.43,18.0,18.18,277.92,27.0
818,B,Los Angeles,Normal,Male,Orange Juice,Beverages,9.0,,0.63,9.63,0.0
819,B,Los Angeles,Member,Female,Notebook,Fruits,3.96,,5.54,,8.0
820,A,New York,Member,Female,Shampoo,Stationery,12.87,7.0,6.31,96.4,9.0
821,B,Los Angeles,Member,Female,Detergent,Personal Care,20.21,14.0,19.81,302.75,30.0
822,A,New York,Member,Female,Shampoo,Personal Care,6.1,18.0,7.69,,11.0
823,B,Los Angeles,Member,Female,Detergent,Fruits,18.97,3.0,3.98,60.89,6.0
824,A,Chicago,Normal,Female,Detergent,Personal Care,20.64,8.0,11.56,176.68,0.0
825,B,Los Angeles,Member,Male,Shampoo,Fruits,14.76,15.0,15.5,236.9,23.0
826,B,Los Angeles,Normal,Male,Apple,Personal Care,,15.0,17.02,260.17,0.0
827,A,Chicago,Normal,Male,Orange Juice,Personal Care,11.91,13.0,,165.67,0.0
828,A,New York,Member,Female,Notebook,Personal Care,10.34,,2.9,44.26,4.0
829,B,Los Angeles,Normal,Male,Notebook,Fruits,1.33,17.0,1.58,24.19,0.0
830,A,New York,Member,Male,Apple,Fruits,12.95,,12.69,193.99,19.0
831,B,Los Angeles,Normal,Female,Notebook,Personal Care,9.07,17.0,10.79,164.98,0.0
832,A,Chicago,Member,Female,Apple,Stationery,7.59,10.0,5.31,81.21,8.0
833,A,New York,Member,Male,Orange Juice,Personal Care,18.92,5.0,6.62,101.22,10.0
834,A,Chicago,Member,Male,Orange Juice,Personal Care,20.61,12.0,17.31,264.63,26.0
835,B,Los Angeles,Member,Female,Notebook,Household,18.97,7.0,9.3,142.09,14.0
836,A,New York,Member,Male,Detergent,Household,17.34,18.0,21.85,333.97,
837,A,Chicago,Member,Male,Shampoo,Fruits,10.78,17.0,12.83,196.09,19.0
838,A,Chicago,Normal,Female,Shampoo,Fruits,11.41,,15.97,244.17,0.0
839,A,New York,Member,Male,Shampoo,Personal Care,14.63,19.0,19.46,297.43,
840,B,Los Angeles,Normal,Female,Shampoo,Household,20.51,1.0,1.44,21.95,0.0
841,A,Chicago,Normal,Female,Apple,Beverages,12.4,7.0,6.08,,0.0
842,A,Chicago,Member,Male,Apple,Personal Care,,10.0,13.58,207.58,20.0
843,A,New York,Member,Male,Notebook,Beverages,9.01,7.0,4.41,67.48,6.0
844,A,New York,Normal,Male,Shampoo,Beverages,20.64,5.0,7.22,110.42,
845,A,New York,Member,Female,Orange Juice,Fruits,1.1,10.0,0.77,11.77,1.0
846,A,Chicago,Normal,Female,Shampoo,Stationery,13.11,7.0,6.42,98.19,0.0
847,B,Los Angeles,Member,Male,Shampoo,Personal Care,14.26,16.0,15.97,,24.0
848,A,New York,Normal,Female,Notebook,Household,2.42,9.0,1.52,23.3,0.0
849,A,New York,Normal,Male,Orange Juice,Fruits,4.84,4.0,1.36,20.72,0.0
850,A,New York,Member,Male,Orange Juice,Beverages,,11.0,1.46,22.36,2.0
851,B,Los Angeles,Normal,Male,Orange Juice,Personal Care,8.39,16.0,9.4,,0.0
852,A,New York,Normal,Female,Orange Juice,Stationery,12.13,19.0,16.13,246.6,0.0
853,A,Chicago,Member,Female,Shampoo,Beverages,5.44,7.0,2.67,40.75,4.0
854,A,Chicago,Normal,Male,Detergent,Stationery,15.31,10.0,10.72,163.82,0.0
855,A,Chicago,Normal,Male,Orange Juice,Fruits,8.72,15.0,9.16,139.96,0.0
856,A,Chicago,Member,Female,Detergent,Beverages,,19.0,4.06,62.01,6.0
857,B,Los Angeles,Normal,Male,Shampoo,Fruits,1.05,15.0,1.1,,0.0
858,A,New York,Member,Female,Orange Juice,Stationery,6.48,,3.18,48.54,4.0
859,A,Chicago,Normal,Male,Notebook,Stationery,14.8,,10.36,158.36,0.0
860,A,New York,Member,Male,Shampoo,Stationery,15.1,18.0,19.03,,29.0
861,A,New York,Member,Female,Shampoo,Household,9.34,16.0,10.46,159.9,15.0
862,B,Los Angeles,Normal,Female,Notebook,Stationery,1.27,8.0,0.71,10.87,0.0
863,A,Chicago,Member,Male,Notebook,Personal Care,19.44,2.0,2.72,41.6,
864,A,Chicago,Member,Male,Notebook,Stationery,2.83,6.0,1.19,18.17,1.0
865,A,New York,Normal,Female,Apple,Stationery,16.17,3.0,3.4,51.91,0.0
866,A,Chicago,Member,Female,Orange Juice,Household,4.67,13.0,4.25,64.96,6.0
867,B,Los Angeles,Member,Male,Detergent,Fruits,14.69,18.0,,282.93,28.0
868,A,Chicago,Normal,Male,Shampoo,Beverages,5.88,13.0,5.35,81.79,0.0
869,B,Los Angeles,Member,Female,Notebook,Household,12.1,16.0,13.55,207.15,20.0
870,A,New York,Normal,Male,Apple,Stationery,,15.0,4.35,66.45,0.0
871,A,New York,Member,Female,Shampoo,Fruits,9.86,15.0,10.35,158.25,15.0
872,A,Chicago,Normal,Male,Orange Juice,Personal Care,2.82,18.0,3.55,54.31,0.0
873,A,New York,Normal,Female,Shampoo,Personal Care,5.25,13.0,4.78,73.03,0.0
874,B,Los Angeles,Normal,Male,Orange Juice,Personal Care,6.42,18.0,8.09,123.65,0.0
875,A,Chicago,Member,Female,Detergent,Personal Care,,14.0,4.21,,6.0
876,A,New York,Member,Male,Shampoo,Beverages,3.13,17.0,3.72,56.93,5.0
877,B,Los Angeles,Member,Male,Apple,Fruits,16.36,10.0,11.45,175.05,17.0
878,A,New York,Member,Male,Apple,Stationery,11.71,11.0,9.02,137.83,13.0
879,A,Chicago,Normal,Male,Shampoo,Fruits,15.68,1.0,1.1,,0.0
880,A,New York,Normal,Female,Shampoo,Personal Care,7.14,2.0,1.0,15.28,0.0
881,A,New York,Member,Female,Shampoo,Personal Care,20.98,16.0,23.5,359.18,35.0
882,B,Los Angeles,Member,Female,Shampoo,Household,10.45,3.0,2.19,33.54,3.0
883,B,Los Angeles,Member,Female,Apple,Stationery,8.61,19.0,11.45,,17.0
884,A,New York,Member,Female,Apple,Beverages,12.16,,16.17,247.21,24.0
885,A,New York,Normal,Male,Shampoo,Personal Care,6.11,,0.86,13.08,0.0
886,A,New York,Normal,Female,Orange Juice,Stationery,17.83,8.0,9.98,152.62,0.0
887,A,Chicago,Member,Female,Shampoo,Personal Care,6.21,17.0,,112.96,11.0
888,A,Chicago,Member,Female,Notebook,Fruits,10.65,19.0,14.16,216.51,21.0
889,B,Los Angeles,Normal,Female,Orange Juice,Personal Care,2.71,19.0,3.6,,
890,A,New York,Member,Female,Orange Juice,Personal Care,10.27,2.0,1.44,21.98,2.0
891,A,Chicago,Normal,Female,Notebook,Stationery,18.31,9.0,,176.33,0.0
892,A,Chicago,Member,Male,Shampoo,Household,5.95,3.0,1.25,19.1,
893,B,Los Angeles,Normal,Female,Shampoo,Beverages,7.27,16.0,8.14,124.46,0.0
894,A,Chicago,Normal,Male,Apple,Beverages,9.82,14.0,9.62,147.1,0.0
895,A,Chicago,Member,Male,Detergent,Household,8.24,13.0,7.5,114.62,11.0
896,B,Los Angeles,Member,Female,Orange Juice,Household,4.54,10.0,3.18,48.58,
897,A,New York,Normal,Female,Notebook,Beverages,17.65,5.0,6.18,94.43,0.0
898,B,Los Angeles,Normal,Female,Apple,Household,1.54,19.0,2.05,31.31,0.0
899,A,Chicago,Normal,Female,Notebook,Personal Care,7.33,1.0,0.51,,
900,B,Los Angeles,Normal,Male,Orange Juice,Stationery,5.36,,0.75,,0.0
901,A,Chicago,Member,Male,Apple,Fruits,16.1,6.0,6.76,103.36,
902,A,New York,Normal,Male,Detergent,Household,13.4,17.0,,,0.0
903,B,Los Angeles,Member,Male,Shampoo,Personal Care,20.92,,26.36,402.92,40.0
904,A,Chicago,Member,Female,Shampoo,Household,18.41,7.0,,137.89,13.0
905,B,Los Angeles,Member,Male,Notebook,Beverages,20.26,2.0,2.84,43.36,4.0
906,A,New York,Normal,Male,Detergent,Fruits,20.68,,20.27,309.79,0.0
907,A,Chicago,Member,Female,Shampoo,Personal Care,16.57,17.0,19.72,301.41,30.0
908,B,Los Angeles,Normal,Male,Detergent,Household,5.33,2.0,0.75,11.41,0.0
909,A,New York,Member,Female,Orange Juice,Stationery,16.32,17.0,19.42,296.86,29.0
910,B,Los Angeles,Member,Male,Shampoo,Fruits,10.12,12.0,8.5,129.94,12.0
911,A,Chicago,Member,Male,Shampoo,Stationery,,5.0,3.68,56.23,5.0
912,A,New York,Normal,Female,Notebook,Stationery,6.32,,1.77,27.05,0.0
913,A,New York,Member,Male,Detergent,Household,,9.0,7.64,116.72,11.0
914,A,New York,Member,Female,Apple,Household,10.69,2.0,1.5,22.88,2.0
915,A,Chicago,Member,Male,Detergent,Stationery,15.85,16.0,17.75,271.35,27.0
916,A,Chicago,Normal,Male,Apple,Fruits,4.6,7.0,2.25,34.45,0.0
917,A,New York,Normal,Female,Apple,Beverages,5.18,3.0,1.09,16.63,0.0
918,A,New York,Member,Male,Orange Juice,Beverages,6.64,11.0,5.11,78.15,7.0
919,A,New York,Member,Female,Apple,Household,16.03,19.0,21.32,325.89,32.0
920,B,Los Angeles,Normal,Female,Shampoo,Fruits,14.18,12.0,11.91,182.07,0.0
921,A,Chicago,Member,Female,Detergent,Fruits,17.99,12.0,15.11,230.99,23.0
922,A,New York,Member,Female,Shampoo,Personal Care,12.99,13.0,,180.69,18.0
923,A,New York,Member,Female,Apple,Personal Care,13.91,4.0,3.89,59.53,5.0
924,A,New York,Normal,Male,Orange Juice,Stationery,2.23,3.0,0.47,7.16,0.0
925,B,Los Angeles,Member,Female,Notebook,Personal Care,19.96,4.0,5.59,85.43,
926,A,New York,Normal,Male,Orange Juice,Personal Care,,19.0,,,0.0
927,A,Chicago,Member,Male,Shampoo,Household,8.38,17.0,9.97,152.43,15.0
928,A,New York,Member,Female,Detergent,Stationery,9.4,3.0,1.97,30.17,3.0
929,B,Los Angeles,Normal,Male,Shampoo,Fruits,4.69,9.0,2.95,45.16,0.0
930,B,Los Angeles,Member,Male,Detergent,Personal Care,4.71,18.0,,90.71,9.0
931,A,New York,Member,Male,Detergent,Beverages,15.74,19.0,20.93,319.99,31.0
932,B,Los Angeles,Normal,Male,Shampoo,Personal Care,15.45,11.0,11.9,181.85,0.0
933,A,New York,Member,Female,Orange Juice,Beverages,18.54,,14.28,218.22,21.0
934,A,New York,Member,Female,Orange Juice,Personal Care,3.24,3.0,0.68,10.4,1.0
935,A,Chicago,Normal,Female,Shampoo,Beverages,7.94,18.0,10.0,152.92,0.0
936,B,Los Angeles,Member,Male,Apple,Beverages,5.92,7.0,2.9,44.34,4.0
937,A,Chicago,Member,Female,Shampoo,Fruits,5.8,18.0,7.31,,11.0
938,A,New York,Member,Female,Shampoo,Personal Care,12.98,12.0,10.9,166.66,16.0
939,A,New York,Normal,Male,Apple,Stationery,5.1,2.0,0.71,10.91,0.0
940,A,New York,Member,Female,Notebook,Household,19.02,,,122.11,12.0
941,A,Chicago,Member,Female,Orange Juice,Stationery,8.95,7.0,,67.04,6.0
942,A,New York,Normal,Female,Shampoo,Personal Care,10.92,18.0,13.76,210.32,0.0
943,A,New York,Member,Male,Apple,Household,,4.0,3.02,46.1,4.0
944,B,Los Angeles,Normal,Female,Orange Juice,Fruits,3.14,19.0,4.18,63.84,0.0
945,B,Los Angeles,Member,Female,Orange Juice,Personal Care,13.01,16.0,14.57,222.73,22.0
946,A,Chicago,Normal,Male,Notebook,Personal Care,,8.0,4.16,,0.0
947,A,Chicago,Normal,Male,Notebook,Personal Care,13.7,20.0,19.18,293.18,0.0
948,A,New York,Normal,Male,Orange Juice,Beverages,15.49,16.0,17.35,265.19,0.0
949,B,Los Angeles,Member,Female,Shampoo,Beverages,19.42,2.0,2.72,41.56,4.0
950,A,Chicago,Normal,Male,Shampoo,Personal Care,10.56,18.0,13.31,203.39,0.0
951,A,Chicago,Member,Male,Shampoo,Household,,14.0,,301.25,30.0
952,A,Chicago,Normal,Male,Orange Juice,Fruits,19.88,1.0,1.39,21.27,
953,A,Chicago,Normal,Male,Notebook,Household,4.72,20.0,6.61,101.01,0.0
954,A,Chicago,Member,Male,Apple,Beverages,13.18,13.0,11.99,183.33,18.0
955,A,Chicago,Member,Male,Orange Juice,Household,20.81,17.0,24.76,378.53,37.0
956,A,Chicago,Member,Female,Orange Juice,Personal Care,17.18,19.0,22.85,349.27,34.0
957,A,Chicago,Member,Male,Shampoo,Personal Care,20.12,14.0,19.72,301.4,30.0
958,A,New York,Member,Female,Notebook,Household,20.28,20.0,28.39,,43.0
959,A,Chicago,Normal,Male,Detergent,Household,,5.0,0.67,10.22,0.0
960,A,Chicago,Member,Female,Apple,Personal Care,,8.0,4.92,75.16,7.0
961,A,Chicago,Member,Male,Notebook,Stationery,10.37,9.0,6.53,,9.0
962,A,Chicago,Normal,Male,Apple,Stationery,12.94,3.0,2.72,41.54,0.0
963,B,Los Angeles,Normal,Male,Apple,Personal Care,,15.0,17.86,273.01,0.0
964,A,New York,Normal,Female,Detergent,Beverages,16.15,7.0,7.91,120.96,0.0
965,B,Los Angeles,Normal,Female,Detergent,Fruits,,12.0,7.68,117.36,0.0
966,A,Chicago,Member,Female,Notebook,Fruits,5.99,20.0,8.39,128.19,12.0
967,B,Los Angeles,Member,Male,Notebook,Beverages,3.31,20.0,4.63,70.83,7.0
968,A,New York,Normal,Male,Detergent,Stationery,,2.0,1.96,30.0,0.0
969,A,New York,Normal,Male,Apple,Household,7.63,11.0,5.88,89.81,0.0
970,A,New York,Normal,Male,Notebook,Stationery,18.7,6.0,,120.05,0.0
971,A,Chicago,Normal,Male,Shampoo,Beverages,7.12,19.0,,144.75,0.0
972,A,New York,Normal,Female,Shampoo,Personal Care,13.28,2.0,1.86,28.42,0.0
973,A,New York,Member,Female,Detergent,Household,6.22,10.0,4.35,66.55,6.0
974,A,New York,Normal,Female,Notebook,Household,6.41,8.0,3.59,54.87,0.0
975,A,New York,Member,Male,Detergent,Personal Care,10.01,2.0,1.4,,2.0
976,A,New York,Member,Male,Shampoo,Household,7.51,,5.78,88.39,8.0
977,A,Chicago,Member,Female,Apple,Personal Care,15.18,7.0,7.44,113.7,11.0
978,B,Los Angeles,Member,Male,Notebook,Fruits,2.04,,1.43,,2.0
979,A,Chicago,Member,Female,Orange Juice,Fruits,,13.0,16.69,255.11,
980,B,Los Angeles,Normal,Male,Orange Juice,Beverages,1.09,8.0,0.61,9.33,
981,A,New York,Member,Male,Shampoo,Fruits,17.56,16.0,19.67,300.63,30.0
982,A,Chicago,Member,Male,Apple,Stationery,1.23,1.0,0.09,1.32,0.0
983,A,Chicago,Normal,Female,Apple,Personal Care,8.02,9.0,5.05,77.23,0.0
984,B,Los Angeles,Member,Female,Orange Juice,Fruits,11.14,2.0,1.56,,2.0
985,A,Chicago,Member,Male,Shampoo,Household,20.96,2.0,2.93,44.85,4.0
986,A,New York,Member,Male,Orange Juice,Personal Care,6.85,19.0,,139.26,13.0
987,A,New York,Normal,Male,Apple,Fruits,,,3.07,46.96,0.0
988,A,New York,Member,Female,Apple,Stationery,11.35,9.0,7.15,109.3,10.0
989,B,Los Angeles,Member,Female,Shampoo,Beverages,10.49,9.0,6.61,101.02,10.0
990,A,Chicago,Member,Female,Notebook,Stationery,5.67,10.0,3.97,60.67,6.0
991,A,Chicago,Normal,Female,Detergent,Stationery,,1.0,0.57,8.75,0.0
992,A,New York,Normal,Male,Notebook,Household,11.33,9.0,7.14,109.11,0.0
993,A,New York,Normal,Female,Apple,Stationery,4.59,19.0,6.1,93.31,0.0
994,A,New York,Normal,Female,Orange Juice,Personal Care,,13.0,4.7,71.78,0.0
995,A,New York,Member,Male,Notebook,Personal Care,6.6,5.0,2.31,35.31,
996,A,New York,Member,Female,Shampoo,Stationery,1.55,11.0,1.19,,1.0
997,A,New York,Member,Male,Detergent,Personal Care,2.44,7.0,1.2,18.28,1.0
998,A,New York,Member,Female,Shampoo,Stationery,17.92,2.0,,38.35,3.0
999,A,New York,Member,Female,Shampoo,Beverages,17.41,4.0,,74.51,7.0
1000,A,New York,Normal,Male,Orange Juice,Stationery,4.11,4.0,1.15,17.59,0.0
